"../../../Engine/Plugins/2D/Paper2D/Content/PlaceholderTextures/DummySpriteTexture.ubulk" 0
"../../../Engine/Plugins/2D/Paper2D/Content/PlaceholderTextures/DummySpriteTexture.uasset" 1
"../../../Engine/Plugins/2D/Paper2D/Content/PlaceholderTextures/DummySpriteTexture.uexp" 2
"../../../Engine/Plugins/2D/Paper2D/Content/DummySprite.uasset" 3
"../../../Engine/Plugins/2D/Paper2D/Content/DummySprite.uexp" 4
"../../../Engine/Plugins/2D/Paper2D/Content/DefaultPaperTerrainMaterial.uasset" 5
"../../../Engine/Plugins/2D/Paper2D/Content/DefaultPaperTerrainMaterial.uexp" 6
"../../../Engine/Content/EngineFonts/Faces/DroidSansFallback.uexp" 7
"../../../Engine/Content/EngineFonts/Faces/DroidSansFallback.uasset" 8
"../../../Engine/Content/EngineFonts/Faces/DroidSansFallback.ufont" 9
"../../../Engine/Content/EngineFonts/Faces/RobotoBold.uexp" 10
"../../../Engine/Content/EngineFonts/Faces/RobotoBold.uasset" 11
"../../../Engine/Content/EngineFonts/Faces/RobotoBold.ufont" 12
"../../../Engine/Content/EngineFonts/Faces/RobotoBoldItalic.uexp" 13
"../../../Engine/Content/EngineFonts/Faces/RobotoBoldItalic.uasset" 14
"../../../Engine/Content/EngineFonts/Faces/RobotoBoldItalic.ufont" 15
"../../../Engine/Content/EngineFonts/Faces/RobotoItalic.uexp" 16
"../../../Engine/Content/EngineFonts/Faces/RobotoItalic.uasset" 17
"../../../Engine/Content/EngineFonts/Faces/RobotoItalic.ufont" 18
"../../../Engine/Content/EngineFonts/Faces/RobotoLight.uexp" 19
"../../../Engine/Content/EngineFonts/Faces/RobotoLight.uasset" 20
"../../../Engine/Content/EngineFonts/Faces/RobotoLight.ufont" 21
"../../../Engine/Content/EngineFonts/Faces/RobotoRegular.uexp" 22
"../../../Engine/Content/EngineFonts/Faces/RobotoRegular.uasset" 23
"../../../Engine/Content/EngineFonts/Faces/RobotoRegular.ufont" 24
"../../../Engine/Content/EngineFonts/Roboto.uasset" 25
"../../../Engine/Content/EngineFonts/Roboto.uexp" 26
"../../../Engine/Content/EngineMaterials/DefaultDestructiblePhysicalMaterial.uasset" 27
"../../../Engine/Content/EngineMaterials/DefaultDestructiblePhysicalMaterial.uexp" 28
"../../../Engine/Content/EngineMaterials/DefaultPhysicalMaterial.uasset" 29
"../../../Engine/Content/EngineMaterials/DefaultPhysicalMaterial.uexp" 30
"../../../Engine/Content/EngineSounds/Master.uasset" 31
"../../../Engine/Content/EngineSounds/Master.uexp" 32
"../../../Engine/Content/EngineMaterials/T_Default_Material_Grid_M.ubulk" 33
"../../../Engine/Content/EngineMaterials/T_Default_Material_Grid_M.uasset" 34
"../../../Engine/Content/EngineMaterials/T_Default_Material_Grid_M.uexp" 35
"../../../Engine/Content/EngineMaterials/T_Default_Material_Grid_N.ubulk" 36
"../../../Engine/Content/EngineMaterials/T_Default_Material_Grid_N.uasset" 37
"../../../Engine/Content/EngineMaterials/T_Default_Material_Grid_N.uexp" 38
"../../../Engine/Content/Functions/Engine_MaterialFunctions01/Opacity/CameraDepthFade.uasset" 39
"../../../Engine/Content/Functions/Engine_MaterialFunctions01/Opacity/CameraDepthFade.uexp" 40
"../../../Engine/Content/EngineMaterials/WorldGridMaterial.uasset" 41
"../../../Engine/Content/EngineMaterials/WorldGridMaterial.uexp" 42
"../../../Engine/Plugins/Media/MediaPlate/Content/SM_MediaPlateScreen.ubulk" 43
"../../../Engine/Plugins/Media/MediaPlate/Content/SM_MediaPlateScreen.uasset" 44
"../../../Engine/Plugins/Media/MediaPlate/Content/SM_MediaPlateScreen.uexp" 45
"../../../Engine/Plugins/NNE/NNEDenoiser/Content/NNEDIM_ColorAlbedoNormal_Alpha.uasset" 46
"../../../Engine/Plugins/NNE/NNEDenoiser/Content/NNEDIM_ColorAlbedoNormal_Alpha.uexp" 47
"../../../Engine/Plugins/NNE/NNEDenoiser/Content/NNEDIM_ColorAlbedoNormal_Default.uasset" 48
"../../../Engine/Plugins/NNE/NNEDenoiser/Content/NNEDIM_ColorAlbedoNormal_Default.uexp" 49
"../../../Engine/Plugins/NNE/NNEDenoiser/Content/NNEDIM_HighQuality_Alpha.uasset" 50
"../../../Engine/Plugins/NNE/NNEDenoiser/Content/NNEDIM_HighQuality_Alpha.uexp" 51
"../../../Engine/Plugins/NNE/NNEDenoiser/Content/NNEDIM_HighQuality_Default.uasset" 52
"../../../Engine/Plugins/NNE/NNEDenoiser/Content/NNEDIM_HighQuality_Default.uexp" 53
"../../../Engine/Plugins/NNE/NNEDenoiser/Content/NNEDOM_Output_Alpha.uasset" 54
"../../../Engine/Plugins/NNE/NNEDenoiser/Content/NNEDOM_Output_Alpha.uexp" 55
"../../../Engine/Plugins/NNE/NNEDenoiser/Content/NNEDOM_Output_Default.uasset" 56
"../../../Engine/Plugins/NNE/NNEDenoiser/Content/NNEDOM_Output_Default.uexp" 57
"../../../Engine/Plugins/NNE/NNEDenoiser/Content/NNEDTIM_ColorAlbedoNormal_Alpha.uasset" 58
"../../../Engine/Plugins/NNE/NNEDenoiser/Content/NNEDTIM_ColorAlbedoNormal_Alpha.uexp" 59
"../../../Engine/Plugins/NNE/NNEDenoiser/Content/NNEDTIM_ColorAlbedoNormal_Default.uasset" 60
"../../../Engine/Plugins/NNE/NNEDenoiser/Content/NNEDTIM_ColorAlbedoNormal_Default.uexp" 61
"../../../Engine/Plugins/NNE/NNEDenoiser/Content/NNEDTOM_Output_Alpha.uasset" 62
"../../../Engine/Plugins/NNE/NNEDenoiser/Content/NNEDTOM_Output_Alpha.uexp" 63
"../../../Engine/Plugins/NNE/NNEDenoiser/Content/NNEDTOM_Output_Default.uasset" 64
"../../../Engine/Plugins/NNE/NNEDenoiser/Content/NNEDTOM_Output_Default.uexp" 65
"../../../Engine/Plugins/NNE/NNEDenoiser/Content/NNEDT_Oidn2-3_Balanced.uasset" 66
"../../../Engine/Plugins/NNE/NNEDenoiser/Content/NNEDT_Oidn2-3_Balanced.uexp" 67
"../../../Engine/Plugins/2D/Paper2D/Content/DefaultSpriteMaterial.uasset" 68
"../../../Engine/Plugins/2D/Paper2D/Content/DefaultSpriteMaterial.uexp" 69
"../../../Engine/Plugins/2D/Paper2D/Content/MaskedUnlitSpriteMaterial.uasset" 70
"../../../Engine/Plugins/2D/Paper2D/Content/MaskedUnlitSpriteMaterial.uexp" 71
"../../../Engine/Plugins/NNE/NNEDenoiser/Content/NNEDT_Oidn2-3_Balanced_Alpha.uasset" 72
"../../../Engine/Plugins/NNE/NNEDenoiser/Content/NNEDT_Oidn2-3_Balanced_Alpha.uexp" 73
"../../../Engine/Plugins/NNE/NNEDenoiser/Content/NNED_Oidn2-3_Balanced.uasset" 74
"../../../Engine/Plugins/NNE/NNEDenoiser/Content/NNED_Oidn2-3_Balanced.uexp" 75
"../../../Engine/Plugins/NNE/NNEDenoiser/Content/NNED_Oidn2-3_Balanced_Alpha.uasset" 76
"../../../Engine/Plugins/NNE/NNEDenoiser/Content/NNED_Oidn2-3_Balanced_Alpha.uexp" 77
"../../../Engine/Plugins/NNE/NNEDenoiser/Content/NNED_Oidn2-3_Fast.uasset" 78
"../../../Engine/Plugins/NNE/NNEDenoiser/Content/NNED_Oidn2-3_Fast.uexp" 79
"../../../Engine/Plugins/2D/Paper2D/Content/OpaqueUnlitSpriteMaterial.uasset" 80
"../../../Engine/Plugins/2D/Paper2D/Content/OpaqueUnlitSpriteMaterial.uexp" 81
"../../../Engine/Plugins/NNE/NNEDenoiser/Content/NNED_Oidn2-3_Fast_Alpha.uasset" 82
"../../../Engine/Plugins/NNE/NNEDenoiser/Content/NNED_Oidn2-3_Fast_Alpha.uexp" 83
"../../../Engine/Plugins/NNE/NNEDenoiser/Content/NNED_Oidn2-3_HighQuality.uasset" 84
"../../../Engine/Plugins/NNE/NNEDenoiser/Content/NNED_Oidn2-3_HighQuality.uexp" 85
"../../../Engine/Plugins/NNE/NNEDenoiser/Content/NNED_Oidn2-3_HighQuality_Alpha.uasset" 86
"../../../Engine/Plugins/NNE/NNEDenoiser/Content/NNED_Oidn2-3_HighQuality_Alpha.uexp" 87
"../../../Engine/Plugins/NNE/NNEDenoiser/Content/NNE_oidn2-3-0_rt_hdr_alb_nrm_small__dyn__fp16_opset11_DenoiseAlpha.uasset" 88
"../../../Engine/Plugins/NNE/NNEDenoiser/Content/NNE_oidn2-3-0_rt_hdr_alb_nrm_small__dyn__fp16_opset11_DenoiseAlpha.uexp" 89
"../../../Engine/Plugins/NNE/NNEDenoiser/Content/NNE_oidn2-3-0_rt_hdr_alb_nrm_small__dyn__fp16_opset11_ForwardAlpha.uasset" 90
"../../../Engine/Plugins/NNE/NNEDenoiser/Content/NNE_oidn2-3-0_rt_hdr_alb_nrm_small__dyn__fp16_opset11_ForwardAlpha.uexp" 91
"../../../Engine/Plugins/NNE/NNEDenoiser/Content/NNE_oidn2-3-0_rt_hdr_alb_nrm__dyn__fp16_opset11_DenoiseAlpha.uasset" 92
"../../../Engine/Plugins/NNE/NNEDenoiser/Content/NNE_oidn2-3-0_rt_hdr_alb_nrm__dyn__fp16_opset11_DenoiseAlpha.uexp" 93
"../../../Engine/Plugins/NNE/NNEDenoiser/Content/NNE_oidn2-3-0_rt_hdr_alb_nrm__dyn__fp16_opset11_ForwardAlpha.uasset" 94
"../../../Engine/Plugins/NNE/NNEDenoiser/Content/NNE_oidn2-3-0_rt_hdr_alb_nrm__dyn__fp16_opset11_ForwardAlpha.uexp" 95
"../../../Engine/Plugins/NNE/NNEDenoiser/Content/NNE_oidn2-3-0_rt_hdr_calb_cnrm_large__dyn__fp16_opset11_DenoiseAlpha.uasset" 96
"../../../Engine/Plugins/NNE/NNEDenoiser/Content/NNE_oidn2-3-0_rt_hdr_calb_cnrm_large__dyn__fp16_opset11_DenoiseAlpha.uexp" 97
"../../../Engine/Content/Functions/Engine_MaterialFunctions02/WorldPositionOffset/CameraOffset.uasset" 98
"../../../Engine/Content/Functions/Engine_MaterialFunctions02/WorldPositionOffset/CameraOffset.uexp" 99
"../../../Engine/Plugins/Animation/ControlRig/Content/M_Manip.uasset" 100
"../../../Engine/Plugins/Animation/ControlRig/Content/M_Manip.uexp" 101
"../../../Engine/Plugins/NNE/NNEDenoiser/Content/NNE_oidn2-3-0_rt_hdr_calb_cnrm_large__dyn__fp16_opset11_ForwardAlpha.uasset" 102
"../../../Engine/Plugins/NNE/NNEDenoiser/Content/NNE_oidn2-3-0_rt_hdr_calb_cnrm_large__dyn__fp16_opset11_ForwardAlpha.uexp" 103
"../../../Engine/Content/EditorLandscapeResources/DefaultAlphaTexture.uasset" 104
"../../../Engine/Content/EditorLandscapeResources/DefaultAlphaTexture.uexp" 105
"../../../Engine/Content/EditorLandscapeResources/LandscapeDirtyMaterial.uasset" 106
"../../../Engine/Content/EditorLandscapeResources/LandscapeDirtyMaterial.uexp" 107
"../../../Engine/Content/EngineMaterials/DefaultWhiteGrid.ubulk" 108
"../../../Engine/Content/EngineMaterials/DefaultWhiteGrid.uasset" 109
"../../../Engine/Content/EngineMaterials/DefaultWhiteGrid.uexp" 110
"../../../Engine/Content/EngineMaterials/DefaultWhiteGrid_Low.uasset" 111
"../../../Engine/Content/EngineMaterials/DefaultWhiteGrid_Low.uexp" 112
"../../../Engine/Content/EngineMaterials/EmissiveMeshMaterial.uasset" 113
"../../../Engine/Content/EngineMaterials/EmissiveMeshMaterial.uexp" 114
"../../../Engine/Content/EngineMaterials/FastBlueNoise_scalar_128x128x64.uasset" 115
"../../../Engine/Content/EngineMaterials/FastBlueNoise_scalar_128x128x64.uexp" 116
"../../../Engine/Content/EngineMaterials/FastBlueNoise_scalar_128x128x8.uasset" 117
"../../../Engine/Content/EngineMaterials/FastBlueNoise_scalar_128x128x8.uexp" 118
"../../../Engine/Content/EngineMaterials/FastBlueNoise_vec2_128x128x64.uasset" 119
"../../../Engine/Content/EngineMaterials/FastBlueNoise_vec2_128x128x64.uexp" 120
"../../../Engine/Content/EngineMaterials/BaseFlattenDiffuseMap.uasset" 121
"../../../Engine/Content/EngineMaterials/BaseFlattenDiffuseMap.uexp" 122
"../../../Engine/Content/EngineMaterials/BaseFlattenEmissiveMap.uasset" 123
"../../../Engine/Content/EngineMaterials/BaseFlattenEmissiveMap.uexp" 124
"../../../Engine/Content/EngineMaterials/BaseFlattenGrayscaleMap.uasset" 125
"../../../Engine/Content/EngineMaterials/BaseFlattenGrayscaleMap.uexp" 126
"../../../Engine/Content/EngineMaterials/BaseFlattenLinearColor.uasset" 127
"../../../Engine/Content/EngineMaterials/BaseFlattenLinearColor.uexp" 128
"../../../Engine/Content/EngineMaterials/BaseFlattenNormalMap.uasset" 129
"../../../Engine/Content/EngineMaterials/BaseFlattenNormalMap.uexp" 130
"../../../Engine/Content/Functions/Engine_MaterialFunctions02/PivotPainter2/Black_1x1_EXR_Texture.uasset" 131
"../../../Engine/Content/Functions/Engine_MaterialFunctions02/PivotPainter2/Black_1x1_EXR_Texture.uexp" 132
"../../../Engine/Content/EngineMaterials/FlattenMaterial.uasset" 133
"../../../Engine/Content/EngineMaterials/FlattenMaterial.uexp" 134
"../../../Engine/Content/EngineMaterials/BaseFlattenDiffuseMap_VT.ubulk" 135
"../../../Engine/Content/EngineMaterials/BaseFlattenDiffuseMap_VT.uasset" 136
"../../../Engine/Content/EngineMaterials/BaseFlattenDiffuseMap_VT.uexp" 137
"../../../Engine/Content/EngineMaterials/BaseFlattenEmissiveMap_VT.ubulk" 138
"../../../Engine/Content/EngineMaterials/BaseFlattenEmissiveMap_VT.uasset" 139
"../../../Engine/Content/EngineMaterials/BaseFlattenEmissiveMap_VT.uexp" 140
"../../../Engine/Content/EngineMaterials/BaseFlattenGrayscaleMap_VT.ubulk" 141
"../../../Engine/Content/EngineMaterials/BaseFlattenGrayscaleMap_VT.uasset" 142
"../../../Engine/Content/EngineMaterials/BaseFlattenGrayscaleMap_VT.uexp" 143
"../../../Engine/Content/EngineMaterials/BaseFlattenLinearColor_VT.ubulk" 144
"../../../Engine/Content/EngineMaterials/BaseFlattenLinearColor_VT.uasset" 145
"../../../Engine/Content/EngineMaterials/BaseFlattenLinearColor_VT.uexp" 146
"../../../Engine/Content/EngineMaterials/BaseFlattenNormalMap_VT.ubulk" 147
"../../../Engine/Content/EngineMaterials/BaseFlattenNormalMap_VT.uasset" 148
"../../../Engine/Content/EngineMaterials/BaseFlattenNormalMap_VT.uexp" 149
"../../../Engine/Content/EngineMaterials/Black_1x1_EXR_Texture_VT.ubulk" 150
"../../../Engine/Content/EngineMaterials/Black_1x1_EXR_Texture_VT.uasset" 151
"../../../Engine/Content/EngineMaterials/Black_1x1_EXR_Texture_VT.uexp" 152
"../../../Engine/Content/EngineMaterials/FlattenMaterial_VT.uasset" 153
"../../../Engine/Content/EngineMaterials/FlattenMaterial_VT.uexp" 154
"../../../Engine/Content/EngineMaterials/FlattenMaterial_WS_Normal_VT.uasset" 155
"../../../Engine/Content/EngineMaterials/FlattenMaterial_WS_Normal_VT.uexp" 156
"../../../Engine/Content/EngineMaterials/GizmoMaterial.uasset" 157
"../../../Engine/Content/EngineMaterials/GizmoMaterial.uexp" 158
"../../../Engine/Content/EngineMaterials/DefaultDiffuse.ubulk" 159
"../../../Engine/Content/EngineMaterials/DefaultDiffuse.uasset" 160
"../../../Engine/Content/EngineMaterials/DefaultDiffuse.uexp" 161
"../../../Engine/Content/Functions/Engine_MaterialFunctions01/Texturing/TextureCropping.uasset" 162
"../../../Engine/Content/Functions/Engine_MaterialFunctions01/Texturing/TextureCropping.uexp" 163
"../../../Engine/Content/Functions/Engine_MaterialFunctions02/ExampleContent/DebugNumberStrip.uasset" 164
"../../../Engine/Content/Functions/Engine_MaterialFunctions02/ExampleContent/DebugNumberStrip.uexp" 165
"../../../Engine/Content/Functions/Engine_MaterialFunctions01/Debug/DebugIntValues.uasset" 166
"../../../Engine/Content/Functions/Engine_MaterialFunctions01/Debug/DebugIntValues.uexp" 167
"../../../Engine/Content/Functions/Engine_MaterialFunctions02/Utility/BreakOutFloat2Components.uasset" 168
"../../../Engine/Content/Functions/Engine_MaterialFunctions02/Utility/BreakOutFloat2Components.uexp" 169
"../../../Engine/Content/Functions/Engine_MaterialFunctions01/Texturing/ScaleUVsByCenter.uasset" 170
"../../../Engine/Content/Functions/Engine_MaterialFunctions01/Texturing/ScaleUVsByCenter.uexp" 171
"../../../Engine/Content/Functions/Engine_MaterialFunctions02/WorldPositionOffset/LocalPosition.uasset" 172
"../../../Engine/Content/Functions/Engine_MaterialFunctions02/WorldPositionOffset/LocalPosition.uexp" 173
"../../../Engine/Content/EditorLandscapeResources/LandscapeLayerUsageMaterial.uasset" 174
"../../../Engine/Content/EditorLandscapeResources/LandscapeLayerUsageMaterial.uexp" 175
"../../../Engine/Content/EngineMaterials/DefaultMaterial.uasset" 176
"../../../Engine/Content/EngineMaterials/DefaultMaterial.uexp" 177
"../../../Engine/Content/BasicShapes/Cone.ubulk" 178
"../../../Engine/Content/BasicShapes/Cone.uasset" 179
"../../../Engine/Content/BasicShapes/Cone.uexp" 180
"../../../Engine/Content/EditorLandscapeResources/WhiteSquareTexture.uasset" 181
"../../../Engine/Content/EditorLandscapeResources/WhiteSquareTexture.uexp" 182
"../../../Engine/Content/EditorLandscapeResources/LayerVisMaterial.uasset" 183
"../../../Engine/Content/EditorLandscapeResources/LayerVisMaterial.uexp" 184
"../../../Engine/Content/Functions/Engine_MaterialFunctions02/Utility/MakeFloat3.uasset" 185
"../../../Engine/Content/Functions/Engine_MaterialFunctions02/Utility/MakeFloat3.uexp" 186
"../../../Engine/Content/Functions/Engine_MaterialFunctions03/Math/WithinRangeFloat2.uasset" 187
"../../../Engine/Content/Functions/Engine_MaterialFunctions03/Math/WithinRangeFloat2.uexp" 188
"../../../Engine/Content/EditorLandscapeResources/MaskBrushMaterial.uasset" 189
"../../../Engine/Content/EditorLandscapeResources/MaskBrushMaterial.uexp" 190
"../../../Engine/Content/EditorLandscapeResources/MaskBrushMaterial_MaskedRegion.uasset" 191
"../../../Engine/Content/EditorLandscapeResources/MaskBrushMaterial_MaskedRegion.uexp" 192
"../../../Engine/Content/EngineMaterials/MiniFont.uasset" 193
"../../../Engine/Content/EngineMaterials/MiniFont.uexp" 194
"../../../Engine/Content/EngineMaterials/InvalidLightmapSettings.ubulk" 195
"../../../Engine/Content/EngineMaterials/InvalidLightmapSettings.uasset" 196
"../../../Engine/Content/EngineMaterials/InvalidLightmapSettings.uexp" 197
"../../../Engine/Content/EngineMaterials/M_InvalidLightmapSettings.uasset" 198
"../../../Engine/Content/EngineMaterials/M_InvalidLightmapSettings.uexp" 199
"../../../Engine/Content/EngineMaterials/NaniteHiddenSectionMaterial.uasset" 200
"../../../Engine/Content/EngineMaterials/NaniteHiddenSectionMaterial.uexp" 201
"../../../Engine/Content/EditorLandscapeResources/SelectBrushMaterial.uasset" 202
"../../../Engine/Content/EditorLandscapeResources/SelectBrushMaterial.uexp" 203
"../../../Engine/Content/EditorLandscapeResources/SelectBrushMaterial_Selected.uasset" 204
"../../../Engine/Content/EditorLandscapeResources/SelectBrushMaterial_Selected.uexp" 205
"../../../Engine/Content/EditorLandscapeResources/SelectBrushMaterial_SelectedRegion.uasset" 206
"../../../Engine/Content/EditorLandscapeResources/SelectBrushMaterial_SelectedRegion.uexp" 207
"../../../Engine/Content/EditorLandscapeResources/SplineEditorMeshMat.uasset" 208
"../../../Engine/Content/EditorLandscapeResources/SplineEditorMeshMat.uexp" 209
"../../../Engine/Content/EditorLandscapeResources/SplineEditorMesh.ubulk" 210
"../../../Engine/Content/EditorLandscapeResources/SplineEditorMesh.uasset" 211
"../../../Engine/Content/EditorLandscapeResources/SplineEditorMesh.uexp" 212
"../../../Engine/Content/EngineMaterials/PhAT_JointLimitMaterial.uasset" 213
"../../../Engine/Content/EngineMaterials/PhAT_JointLimitMaterial.uexp" 214
"../../../Engine/Content/EngineResources/Black.uasset" 215
"../../../Engine/Content/EngineResources/Black.uexp" 216
"../../../Engine/Content/EngineDebugMaterials/DebugEditorMaterial.uasset" 217
"../../../Engine/Content/EngineDebugMaterials/DebugEditorMaterial.uexp" 218
"../../../Engine/Content/EngineMaterials/DefaultCalibrationColor.uasset" 219
"../../../Engine/Content/EngineMaterials/DefaultCalibrationColor.uexp" 220
"../../../Engine/Content/EngineMaterials/PPM_DefaultCalibrationColor.uasset" 221
"../../../Engine/Content/EngineMaterials/PPM_DefaultCalibrationColor.uexp" 222
"../../../Engine/Content/EngineMaterials/DefaultCalibrationGrayscale.uasset" 223
"../../../Engine/Content/EngineMaterials/DefaultCalibrationGrayscale.uexp" 224
"../../../Engine/Content/EngineMaterials/PPM_DefaultCalibrationGrayscale.uasset" 225
"../../../Engine/Content/EngineMaterials/PPM_DefaultCalibrationGrayscale.uexp" 226
"../../../Engine/Content/EngineDebugMaterials/DebugMeshMaterial.uasset" 227
"../../../Engine/Content/EngineDebugMaterials/DebugMeshMaterial.uexp" 228
"../../../Engine/Content/EngineResources/DefaultTexture.ubulk" 229
"../../../Engine/Content/EngineResources/DefaultTexture.uasset" 230
"../../../Engine/Content/EngineResources/DefaultTexture.uexp" 231
"../../../Engine/Content/EngineMaterials/PreintegratedSkinBRDF.uasset" 232
"../../../Engine/Content/EngineMaterials/PreintegratedSkinBRDF.uexp" 233
"../../../Engine/Content/EngineResources/DefaultTextureCube.uasset" 234
"../../../Engine/Content/EngineResources/DefaultTextureCube.uexp" 235
"../../../Engine/Content/EngineResources/GradientTexture0.uasset" 236
"../../../Engine/Content/EngineResources/GradientTexture0.uexp" 237
"../../../Engine/Content/EngineMaterials/RemoveSurfaceMaterial.uasset" 238
"../../../Engine/Content/EngineMaterials/RemoveSurfaceMaterial.uexp" 239
"../../../Engine/Content/EngineMaterials/SMAAAreaTex.uasset" 240
"../../../Engine/Content/EngineMaterials/SMAAAreaTex.uexp" 241
"../../../Engine/Content/EngineMaterials/SMAASearchTex.uasset" 242
"../../../Engine/Content/EngineMaterials/SMAASearchTex.uexp" 243
"../../../Engine/Content/EngineResources/LandscapeVisibilityLayerInfo.uasset" 244
"../../../Engine/Content/EngineResources/LandscapeVisibilityLayerInfo.uexp" 245
"../../../Engine/Content/EngineMaterials/WeightMapPlaceholderTexture.uasset" 246
"../../../Engine/Content/EngineMaterials/WeightMapPlaceholderTexture.uexp" 247
"../../../Engine/Content/EngineMaterials/WeightMapArrayPlaceholderTexture.uasset" 248
"../../../Engine/Content/EngineMaterials/WeightMapArrayPlaceholderTexture.uexp" 249
"../../../Engine/Content/EngineDebugMaterials/M_SimpleUnlitTranslucent.uasset" 250
"../../../Engine/Content/EngineDebugMaterials/M_SimpleUnlitTranslucent.uexp" 251
"../../../Engine/Content/EngineSky/M_SimpleSkyDome.uasset" 252
"../../../Engine/Content/EngineSky/M_SimpleSkyDome.uexp" 253
"../../../Engine/Content/Functions/Engine_MaterialFunctions02/Utility/CameraDirectionVector.uasset" 254
"../../../Engine/Content/Functions/Engine_MaterialFunctions02/Utility/CameraDirectionVector.uexp" 255
"../../../Engine/Content/EngineDebugMaterials/VolumeToRender.uasset" 256
"../../../Engine/Content/EngineDebugMaterials/VolumeToRender.uexp" 257
"../../../Engine/Content/EngineDebugMaterials/M_VolumeRenderSphereTracePP.uasset" 258
"../../../Engine/Content/EngineDebugMaterials/M_VolumeRenderSphereTracePP.uexp" 259
"../../../Engine/Content/EngineResources/WhiteSquareTexture.uasset" 260
"../../../Engine/Content/EngineResources/WhiteSquareTexture.uexp" 261
"../../../Engine/Content/EngineMaterials/Widget3DPassThrough.uasset" 262
"../../../Engine/Content/EngineMaterials/Widget3DPassThrough.uexp" 263
"../../../Engine/Content/EngineMaterials/Widget3DPassThrough_Masked.uasset" 264
"../../../Engine/Content/EngineMaterials/Widget3DPassThrough_Masked.uexp" 265
"../../../Engine/Content/EngineSky/T_Sky_Blue.ubulk" 266
"../../../Engine/Content/EngineSky/T_Sky_Blue.uasset" 267
"../../../Engine/Content/EngineSky/T_Sky_Blue.uexp" 268
"../../../Engine/Content/EngineSky/T_Sky_Clouds_M.ubulk" 269
"../../../Engine/Content/EngineSky/T_Sky_Clouds_M.uasset" 270
"../../../Engine/Content/EngineSky/T_Sky_Clouds_M.uexp" 271
"../../../Engine/Content/EngineSky/T_Sky_Stars.ubulk" 272
"../../../Engine/Content/EngineSky/T_Sky_Stars.uasset" 273
"../../../Engine/Content/EngineSky/T_Sky_Stars.uexp" 274
"../../../Engine/Content/EngineSky/M_Sky_Panning_Clouds2.uasset" 275
"../../../Engine/Content/EngineSky/M_Sky_Panning_Clouds2.uexp" 276
"../../../Engine/Content/EngineSky/SM_SkySphere.ubulk" 277
"../../../Engine/Content/EngineSky/SM_SkySphere.uasset" 278
"../../../Engine/Content/EngineSky/SM_SkySphere.uexp" 279
"../../../Engine/Content/EngineMaterials/Widget3DPassThrough_Opaque.uasset" 280
"../../../Engine/Content/EngineMaterials/Widget3DPassThrough_Opaque.uexp" 281
"../../../Engine/Content/EngineMaterials/Widget3DPassThrough_Masked_OneSided.uasset" 282
"../../../Engine/Content/EngineMaterials/Widget3DPassThrough_Masked_OneSided.uexp" 283
"../../../Engine/Content/EditorMaterials/PhAT_NoCollisionMaterial.uasset" 284
"../../../Engine/Content/EditorMaterials/PhAT_NoCollisionMaterial.uexp" 285
"../../../Engine/Content/EditorMaterials/PhAT_UnselectedMaterial.uasset" 286
"../../../Engine/Content/EditorMaterials/PhAT_UnselectedMaterial.uexp" 287
"../../../Engine/Content/EngineMaterials/Widget3DPassThrough_Opaque_OneSided.uasset" 288
"../../../Engine/Content/EngineMaterials/Widget3DPassThrough_Opaque_OneSided.uexp" 289
"../../../Engine/Content/EditorResources/BSPVertex.uasset" 290
"../../../Engine/Content/EditorResources/BSPVertex.uexp" 291
"../../../Engine/Content/EngineMaterials/Widget3DPassThrough_Translucent.uasset" 292
"../../../Engine/Content/EngineMaterials/Widget3DPassThrough_Translucent.uexp" 293
"../../../Engine/Content/EngineMaterials/Widget3DPassThrough_Translucent_OneSided.uasset" 294
"../../../Engine/Content/EngineMaterials/Widget3DPassThrough_Translucent_OneSided.uexp" 295
"../../../Engine/Content/EditorMaterials/PreviewShadowIndicator.ubulk" 296
"../../../Engine/Content/EditorMaterials/PreviewShadowIndicator.uasset" 297
"../../../Engine/Content/EditorMaterials/PreviewShadowIndicator.uexp" 298
"../../../Engine/Content/EditorMaterials/PreviewShadowIndicatorMaterial.uasset" 299
"../../../Engine/Content/EditorMaterials/PreviewShadowIndicatorMaterial.uexp" 300
"../../../Engine/Plugins/Interchange/Runtime/Content/Pipelines/DefaultAssetsPipeline.uasset" 301
"../../../Engine/Plugins/Interchange/Runtime/Content/Pipelines/DefaultAssetsPipeline.uexp" 302
"../../../Engine/Plugins/Interchange/Runtime/Content/Pipelines/DefaultAudioPipeline.uasset" 303
"../../../Engine/Plugins/Interchange/Runtime/Content/Pipelines/DefaultAudioPipeline.uexp" 304
"../../../Engine/Plugins/Interchange/Runtime/Content/Pipelines/DefaultGLTFAssetsPipeline.uasset" 305
"../../../Engine/Plugins/Interchange/Runtime/Content/Pipelines/DefaultGLTFAssetsPipeline.uexp" 306
"../../../Engine/Plugins/Interchange/Runtime/Content/Pipelines/DefaultGLTFPipeline.uasset" 307
"../../../Engine/Plugins/Interchange/Runtime/Content/Pipelines/DefaultGLTFPipeline.uexp" 308
"../../../Engine/Plugins/Interchange/Runtime/Content/Pipelines/DefaultGLTFSceneAssetsPipeline.uasset" 309
"../../../Engine/Plugins/Interchange/Runtime/Content/Pipelines/DefaultGLTFSceneAssetsPipeline.uexp" 310
"../../../Engine/Plugins/Interchange/Runtime/Content/Pipelines/DefaultMaterialPipeline.uasset" 311
"../../../Engine/Plugins/Interchange/Runtime/Content/Pipelines/DefaultMaterialPipeline.uexp" 312
"../../../Engine/Plugins/Interchange/Runtime/Content/Pipelines/DefaultMaterialXPipeline.uasset" 313
"../../../Engine/Plugins/Interchange/Runtime/Content/Pipelines/DefaultMaterialXPipeline.uexp" 314
"../../../Engine/Plugins/Interchange/Runtime/Content/Pipelines/DefaultSceneAssetsPipeline.uasset" 315
"../../../Engine/Plugins/Interchange/Runtime/Content/Pipelines/DefaultSceneAssetsPipeline.uexp" 316
"../../../Engine/Plugins/Interchange/Runtime/Content/Pipelines/DefaultSceneLevelPipeline.uasset" 317
"../../../Engine/Plugins/Interchange/Runtime/Content/Pipelines/DefaultSceneLevelPipeline.uexp" 318
"../../../Engine/Plugins/Interchange/Runtime/Content/Pipelines/DefaultTexturePipeline.uasset" 319
"../../../Engine/Plugins/Interchange/Runtime/Content/Pipelines/DefaultTexturePipeline.uexp" 320
"../../../Engine/Content/EngineMeshes/Sphere.ubulk" 321
"../../../Engine/Content/EngineMeshes/Sphere.uasset" 322
"../../../Engine/Content/EngineMeshes/Sphere.uexp" 323
"../../../Engine/Content/EditorResources/S_Actor.ubulk" 324
"../../../Engine/Content/EditorResources/S_Actor.uasset" 325
"../../../Engine/Content/EditorResources/S_Actor.uexp" 326
"../../../Engine/Content/EditorResources/S_BoxReflectionCapture.uasset" 327
"../../../Engine/Content/EditorResources/S_BoxReflectionCapture.uexp" 328
"../../../Engine/Plugins/Animation/DeformerGraph/Content/DeformerFunctions/DG_Function_LinearBlendSkin_Morph_Cloth.uasset" 329
"../../../Engine/Plugins/Animation/DeformerGraph/Content/DeformerFunctions/DG_Function_LinearBlendSkin_Morph_Cloth.uexp" 330
"../../../Engine/Plugins/Animation/DeformerGraph/Content/Deformers/DG_LinearBlendSkin_Morph_Cloth.uasset" 331
"../../../Engine/Plugins/Animation/DeformerGraph/Content/Deformers/DG_LinearBlendSkin_Morph_Cloth.uexp" 332
"../../../Engine/Plugins/Animation/DeformerGraph/Content/DeformerFunctions/DG_Function_ComputeNormalsTangents.uasset" 333
"../../../Engine/Plugins/Animation/DeformerGraph/Content/DeformerFunctions/DG_Function_ComputeNormalsTangents.uexp" 334
"../../../Engine/Plugins/Animation/DeformerGraph/Content/DeformerFunctions/DG_Function_LinearBlendSkin_Morph_Cloth_PositionOnly.uasset" 335
"../../../Engine/Plugins/Animation/DeformerGraph/Content/DeformerFunctions/DG_Function_LinearBlendSkin_Morph_Cloth_PositionOnly.uexp" 336
"../../../Engine/Plugins/Animation/DeformerGraph/Content/Deformers/DG_LinearBlendSkin_Morph_Cloth_RecomputeNormals.uasset" 337
"../../../Engine/Plugins/Animation/DeformerGraph/Content/Deformers/DG_LinearBlendSkin_Morph_Cloth_RecomputeNormals.uexp" 338
"../../../Engine/Content/Functions/Engine_MaterialFunctions02/SplitComponents.uasset" 339
"../../../Engine/Content/Functions/Engine_MaterialFunctions02/SplitComponents.uexp" 340
"../../../Engine/Content/Functions/Engine_MaterialFunctions02/Utility/BreakOutFloat3Components.uasset" 341
"../../../Engine/Content/Functions/Engine_MaterialFunctions02/Utility/BreakOutFloat3Components.uexp" 342
"../../../Engine/Content/Functions/Engine_MaterialFunctions02/Math/Transform3x3Matrix.uasset" 343
"../../../Engine/Content/Functions/Engine_MaterialFunctions02/Math/Transform3x3Matrix.uexp" 344
"../../../Engine/Content/VREditor/SnapGrid/SnapGridMaterial.uasset" 345
"../../../Engine/Content/VREditor/SnapGrid/SnapGridMaterial.uexp" 346
"../../../Engine/Content/VREditor/SnapGrid/SnapGridPlaneMesh.ubulk" 347
"../../../Engine/Content/VREditor/SnapGrid/SnapGridPlaneMesh.uasset" 348
"../../../Engine/Content/VREditor/SnapGrid/SnapGridPlaneMesh.uexp" 349
"../../../Engine/Content/VREditor/LaserPointer/VR_LaserPower_01.ubulk" 350
"../../../Engine/Content/VREditor/LaserPointer/VR_LaserPower_01.uasset" 351
"../../../Engine/Content/VREditor/LaserPointer/VR_LaserPower_01.uexp" 352
"../../../Engine/Content/VREditor/TransformGizmo/TransformGizmoMaterial.uasset" 353
"../../../Engine/Content/VREditor/TransformGizmo/TransformGizmoMaterial.uexp" 354
"../../../Engine/Content/VREditor/TransformGizmo/TranslucentTransformGizmoMaterial.uasset" 355
"../../../Engine/Content/VREditor/TransformGizmo/TranslucentTransformGizmoMaterial.uexp" 356
"../../../Engine/Content/VREditor/TransformGizmo/PlaneTranslationHandle.ubulk" 357
"../../../Engine/Content/VREditor/TransformGizmo/PlaneTranslationHandle.uasset" 358
"../../../Engine/Content/VREditor/TransformGizmo/PlaneTranslationHandle.uexp" 359
"../../../Engine/Content/VREditor/TransformGizmo/RotationHandleFull.ubulk" 360
"../../../Engine/Content/VREditor/TransformGizmo/RotationHandleFull.uasset" 361
"../../../Engine/Content/VREditor/TransformGizmo/RotationHandleFull.uexp" 362
"../../../Engine/Content/VREditor/TransformGizmo/RotationHandleIndicator.ubulk" 363
"../../../Engine/Content/VREditor/TransformGizmo/RotationHandleIndicator.uasset" 364
"../../../Engine/Content/VREditor/TransformGizmo/RotationHandleIndicator.uexp" 365
"../../../Engine/Content/VREditor/TransformGizmo/RotationHandleQuarter.ubulk" 366
"../../../Engine/Content/VREditor/TransformGizmo/RotationHandleQuarter.uasset" 367
"../../../Engine/Content/VREditor/TransformGizmo/RotationHandleQuarter.uexp" 368
"../../../Engine/Content/VREditor/TransformGizmo/StartRotationHandleIndicator.ubulk" 369
"../../../Engine/Content/VREditor/TransformGizmo/StartRotationHandleIndicator.uasset" 370
"../../../Engine/Content/VREditor/TransformGizmo/StartRotationHandleIndicator.uexp" 371
"../../../Engine/Content/VREditor/TransformGizmo/TranslucentTransformGizmoMaterial_Inst.uasset" 372
"../../../Engine/Content/VREditor/TransformGizmo/TranslucentTransformGizmoMaterial_Inst.uexp" 373
"../../../Engine/Content/VREditor/TransformGizmo/TransformGizmoFreeRotation.ubulk" 374
"../../../Engine/Content/VREditor/TransformGizmo/TransformGizmoFreeRotation.uasset" 375
"../../../Engine/Content/VREditor/TransformGizmo/TransformGizmoFreeRotation.uexp" 376
"../../../Engine/Content/VREditor/TransformGizmo/TransformGizmoMaterial_Inst.uasset" 377
"../../../Engine/Content/VREditor/TransformGizmo/TransformGizmoMaterial_Inst.uexp" 378
"../../../Engine/Content/VREditor/TransformGizmo/TranslateArrowHandle.ubulk" 379
"../../../Engine/Content/VREditor/TransformGizmo/TranslateArrowHandle.uasset" 380
"../../../Engine/Content/VREditor/TransformGizmo/TranslateArrowHandle.uexp" 381
"../../../Engine/Content/VREditor/TransformGizmo/UniformScaleHandle.ubulk" 382
"../../../Engine/Content/VREditor/TransformGizmo/UniformScaleHandle.uasset" 383
"../../../Engine/Content/VREditor/TransformGizmo/UniformScaleHandle.uexp" 384
"../../../Engine/Content/VREditor/Sounds/UI/Drop_Item_From_ContentBrowser.ubulk" 385
"../../../Engine/Content/VREditor/Sounds/UI/Drop_Item_From_ContentBrowser.uasset" 386
"../../../Engine/Content/VREditor/Sounds/UI/Drop_Item_From_ContentBrowser.uexp" 387
"../../../Engine/Content/VREditor/Sounds/UI/Gizmo_Handle_Clicked.ubulk" 388
"../../../Engine/Content/VREditor/Sounds/UI/Gizmo_Handle_Clicked.uasset" 389
"../../../Engine/Content/VREditor/Sounds/UI/Gizmo_Handle_Clicked.uexp" 390
"../../../Engine/Content/VREditor/Sounds/UI/Object_PickUp.ubulk" 391
"../../../Engine/Content/VREditor/Sounds/UI/Object_PickUp.uasset" 392
"../../../Engine/Content/VREditor/Sounds/UI/Object_PickUp.uexp" 393
"../../../Engine/Content/VREditor/Sounds/UI/Object_Snaps_To_Another_Actor.ubulk" 394
"../../../Engine/Content/VREditor/Sounds/UI/Object_Snaps_To_Another_Actor.uasset" 395
"../../../Engine/Content/VREditor/Sounds/UI/Object_Snaps_To_Another_Actor.uexp" 396
"../../../Engine/Content/VREditor/Sounds/UI/Object_Snaps_To_Grid.ubulk" 397
"../../../Engine/Content/VREditor/Sounds/UI/Object_Snaps_To_Grid.uasset" 398
"../../../Engine/Content/VREditor/Sounds/UI/Object_Snaps_To_Grid.uexp" 399
"../../../Engine/Content/VREditor/Sounds/UI/Scaling_Down.ubulk" 400
"../../../Engine/Content/VREditor/Sounds/UI/Scaling_Down.uasset" 401
"../../../Engine/Content/VREditor/Sounds/UI/Scaling_Down.uexp" 402
"../../../Engine/Content/VREditor/Sounds/UI/Scaling_Up.ubulk" 403
"../../../Engine/Content/VREditor/Sounds/UI/Scaling_Up.uasset" 404
"../../../Engine/Content/VREditor/Sounds/UI/Scaling_Up.uexp" 405
"../../../Engine/Content/VREditor/Sounds/UI/Selection_Changes.ubulk" 406
"../../../Engine/Content/VREditor/Sounds/UI/Selection_Changes.uasset" 407
"../../../Engine/Content/VREditor/Sounds/UI/Selection_Changes.uexp" 408
"../../../Engine/Plugins/Animation/ControlRig/Content/Controls/ControlRigGizmoMaterial.uasset" 409
"../../../Engine/Plugins/Animation/ControlRig/Content/Controls/ControlRigGizmoMaterial.uexp" 410
"../../../Engine/Plugins/Animation/ControlRig/Content/Controls/ControlRigXRayMaterial.uasset" 411
"../../../Engine/Plugins/Animation/ControlRig/Content/Controls/ControlRigXRayMaterial.uexp" 412
"../../../Engine/Plugins/Animation/ControlRig/Content/Controls/ControlRig_Arrow2_1mm.ubulk" 413
"../../../Engine/Plugins/Animation/ControlRig/Content/Controls/ControlRig_Arrow2_1mm.uasset" 414
"../../../Engine/Plugins/Animation/ControlRig/Content/Controls/ControlRig_Arrow2_1mm.uexp" 415
"../../../Engine/Plugins/Animation/ControlRig/Content/Controls/ControlRig_Arrow2_3mm.ubulk" 416
"../../../Engine/Plugins/Animation/ControlRig/Content/Controls/ControlRig_Arrow2_3mm.uasset" 417
"../../../Engine/Plugins/Animation/ControlRig/Content/Controls/ControlRig_Arrow2_3mm.uexp" 418
"../../../Engine/Plugins/Animation/ControlRig/Content/Controls/ControlRig_Arrow2_solid.ubulk" 419
"../../../Engine/Plugins/Animation/ControlRig/Content/Controls/ControlRig_Arrow2_solid.uasset" 420
"../../../Engine/Plugins/Animation/ControlRig/Content/Controls/ControlRig_Arrow2_solid.uexp" 421
"../../../Engine/Plugins/Animation/ControlRig/Content/Controls/ControlRig_Arrow4_1mm.ubulk" 422
"../../../Engine/Plugins/Animation/ControlRig/Content/Controls/ControlRig_Arrow4_1mm.uasset" 423
"../../../Engine/Plugins/Animation/ControlRig/Content/Controls/ControlRig_Arrow4_1mm.uexp" 424
"../../../Engine/Plugins/Animation/ControlRig/Content/Controls/ControlRig_Arrow4_3mm.ubulk" 425
"../../../Engine/Plugins/Animation/ControlRig/Content/Controls/ControlRig_Arrow4_3mm.uasset" 426
"../../../Engine/Plugins/Animation/ControlRig/Content/Controls/ControlRig_Arrow4_3mm.uexp" 427
"../../../Engine/Plugins/Animation/ControlRig/Content/Controls/ControlRig_Arrow4_solid.ubulk" 428
"../../../Engine/Plugins/Animation/ControlRig/Content/Controls/ControlRig_Arrow4_solid.uasset" 429
"../../../Engine/Plugins/Animation/ControlRig/Content/Controls/ControlRig_Arrow4_solid.uexp" 430
"../../../Engine/Plugins/Animation/ControlRig/Content/Controls/ControlRig_Arrow_1mm.ubulk" 431
"../../../Engine/Plugins/Animation/ControlRig/Content/Controls/ControlRig_Arrow_1mm.uasset" 432
"../../../Engine/Plugins/Animation/ControlRig/Content/Controls/ControlRig_Arrow_1mm.uexp" 433
"../../../Engine/Plugins/Animation/ControlRig/Content/Controls/ControlRig_Arrow_3mm.ubulk" 434
"../../../Engine/Plugins/Animation/ControlRig/Content/Controls/ControlRig_Arrow_3mm.uasset" 435
"../../../Engine/Plugins/Animation/ControlRig/Content/Controls/ControlRig_Arrow_3mm.uexp" 436
"../../../Engine/Plugins/Animation/ControlRig/Content/Controls/ControlRig_Arrow_solid.ubulk" 437
"../../../Engine/Plugins/Animation/ControlRig/Content/Controls/ControlRig_Arrow_solid.uasset" 438
"../../../Engine/Plugins/Animation/ControlRig/Content/Controls/ControlRig_Arrow_solid.uexp" 439
"../../../Engine/Content/Functions/Engine_MaterialFunctions02/Utility/VectorLength.uasset" 440
"../../../Engine/Content/Functions/Engine_MaterialFunctions02/Utility/VectorLength.uexp" 441
"../../../Engine/Content/Functions/Engine_MaterialFunctions02/WorldPositionOffset/ObjectScale.uasset" 442
"../../../Engine/Content/Functions/Engine_MaterialFunctions02/WorldPositionOffset/ObjectScale.uexp" 443
"../../../Engine/Plugins/Editor/SpeedTreeImporter/Content/SpeedTree9/Empty.uasset" 444
"../../../Engine/Plugins/Editor/SpeedTreeImporter/Content/SpeedTree9/Empty.uexp" 445
"../../../Engine/Plugins/Editor/SpeedTreeImporter/Content/SpeedTree9/EmptyNormal.uasset" 446
"../../../Engine/Plugins/Editor/SpeedTreeImporter/Content/SpeedTree9/EmptyNormal.uexp" 447
"../../../Engine/Plugins/Editor/SpeedTreeImporter/Content/SpeedTree9/game_wind_noise.ubulk" 448
"../../../Engine/Plugins/Editor/SpeedTreeImporter/Content/SpeedTree9/game_wind_noise.uasset" 449
"../../../Engine/Plugins/Editor/SpeedTreeImporter/Content/SpeedTree9/game_wind_noise.uexp" 450
"../../../Engine/Plugins/Editor/SpeedTreeImporter/Content/SpeedTree9/SpeedTreeBillboard.uasset" 451
"../../../Engine/Plugins/Editor/SpeedTreeImporter/Content/SpeedTree9/SpeedTreeBillboard.uexp" 452
"../../../Engine/Content/Functions/Engine_MaterialFunctions02/SafeNormalize.uasset" 453
"../../../Engine/Content/Functions/Engine_MaterialFunctions02/SafeNormalize.uexp" 454
"../../../Engine/Plugins/Editor/SpeedTreeImporter/Content/SpeedTree9/SpeedTreeWindMotion.uasset" 455
"../../../Engine/Plugins/Editor/SpeedTreeImporter/Content/SpeedTree9/SpeedTreeWindMotion.uexp" 456
"../../../Engine/Plugins/Editor/SpeedTreeImporter/Content/SpeedTree9/UnpackDirection.uasset" 457
"../../../Engine/Plugins/Editor/SpeedTreeImporter/Content/SpeedTree9/UnpackDirection.uexp" 458
"../../../Engine/Plugins/Editor/SpeedTreeImporter/Content/SpeedTree9/UnpackInteger3.uasset" 459
"../../../Engine/Plugins/Editor/SpeedTreeImporter/Content/SpeedTree9/UnpackInteger3.uexp" 460
"../../../Engine/Plugins/Editor/SpeedTreeImporter/Content/SpeedTree9/SpeedTreeBranchMotion.uasset" 461
"../../../Engine/Plugins/Editor/SpeedTreeImporter/Content/SpeedTree9/SpeedTreeBranchMotion.uexp" 462
"../../../Engine/Content/Functions/Engine_MaterialFunctions02/ObjectLocalBounds.uasset" 463
"../../../Engine/Content/Functions/Engine_MaterialFunctions02/ObjectLocalBounds.uexp" 464
"../../../Engine/Content/Functions/Engine_MaterialFunctions02/UVs/BoundingBoxBased_0-1_UVW.uasset" 465
"../../../Engine/Content/Functions/Engine_MaterialFunctions02/UVs/BoundingBoxBased_0-1_UVW.uexp" 466
"../../../Engine/Plugins/Editor/SpeedTreeImporter/Content/SpeedTree9/SpeedTreeWind.uasset" 467
"../../../Engine/Plugins/Editor/SpeedTreeImporter/Content/SpeedTree9/SpeedTreeWind.uexp" 468
"../../../Engine/Plugins/Editor/SpeedTreeImporter/Content/SpeedTree9/SpeedTreeBillboardMaster.uasset" 469
"../../../Engine/Plugins/Editor/SpeedTreeImporter/Content/SpeedTree9/SpeedTreeBillboardMaster.uexp" 470
"../../../Engine/Plugins/Animation/ControlRig/Content/Controls/ControlRig_Box_1mm.ubulk" 471
"../../../Engine/Plugins/Animation/ControlRig/Content/Controls/ControlRig_Box_1mm.uasset" 472
"../../../Engine/Plugins/Animation/ControlRig/Content/Controls/ControlRig_Box_1mm.uexp" 473
"../../../Engine/Plugins/Editor/SpeedTreeImporter/Content/SpeedTree9/SpeedTreeCameraFacing.uasset" 474
"../../../Engine/Plugins/Editor/SpeedTreeImporter/Content/SpeedTree9/SpeedTreeCameraFacing.uexp" 475
"../../../Engine/Plugins/Editor/SpeedTreeImporter/Content/SpeedTree9/SpeedTreeMaster.uasset" 476
"../../../Engine/Plugins/Editor/SpeedTreeImporter/Content/SpeedTree9/SpeedTreeMaster.uexp" 477
"../../../Engine/Plugins/Animation/ControlRig/Content/Controls/ControlRig_Box_3mm.ubulk" 478
"../../../Engine/Plugins/Animation/ControlRig/Content/Controls/ControlRig_Box_3mm.uasset" 479
"../../../Engine/Plugins/Animation/ControlRig/Content/Controls/ControlRig_Box_3mm.uexp" 480
"../../../Engine/Plugins/Animation/ControlRig/Content/Controls/ControlRig_Box_solid.ubulk" 481
"../../../Engine/Plugins/Animation/ControlRig/Content/Controls/ControlRig_Box_solid.uasset" 482
"../../../Engine/Plugins/Animation/ControlRig/Content/Controls/ControlRig_Box_solid.uexp" 483
"../../../Engine/Plugins/Animation/ControlRig/Content/Controls/ControlRig_Circle_1mm.ubulk" 484
"../../../Engine/Plugins/Animation/ControlRig/Content/Controls/ControlRig_Circle_1mm.uasset" 485
"../../../Engine/Plugins/Animation/ControlRig/Content/Controls/ControlRig_Circle_1mm.uexp" 486
"../../../Engine/Plugins/Animation/ControlRig/Content/Controls/ControlRig_Circle_3mm.ubulk" 487
"../../../Engine/Plugins/Animation/ControlRig/Content/Controls/ControlRig_Circle_3mm.uasset" 488
"../../../Engine/Plugins/Animation/ControlRig/Content/Controls/ControlRig_Circle_3mm.uexp" 489
"../../../Engine/Content/EditorResources/S_Solver.ubulk" 490
"../../../Engine/Content/EditorResources/S_Solver.uasset" 491
"../../../Engine/Content/EditorResources/S_Solver.uexp" 492
"../../../Engine/Plugins/Animation/ControlRig/Content/Controls/ControlRig_Circle_solid.ubulk" 493
"../../../Engine/Plugins/Animation/ControlRig/Content/Controls/ControlRig_Circle_solid.uasset" 494
"../../../Engine/Plugins/Animation/ControlRig/Content/Controls/ControlRig_Circle_solid.uexp" 495
"../../../Engine/Plugins/Animation/ControlRig/Content/Controls/ControlRig_Diamond_1mm.ubulk" 496
"../../../Engine/Plugins/Animation/ControlRig/Content/Controls/ControlRig_Diamond_1mm.uasset" 497
"../../../Engine/Plugins/Animation/ControlRig/Content/Controls/ControlRig_Diamond_1mm.uexp" 498
"../../../Engine/Content/EditorResources/S_Terrain.ubulk" 499
"../../../Engine/Content/EditorResources/S_Terrain.uasset" 500
"../../../Engine/Content/EditorResources/S_Terrain.uexp" 501
"../../../Engine/Plugins/Animation/ControlRig/Content/Controls/ControlRig_Diamond_3mm.ubulk" 502
"../../../Engine/Plugins/Animation/ControlRig/Content/Controls/ControlRig_Diamond_3mm.uasset" 503
"../../../Engine/Plugins/Animation/ControlRig/Content/Controls/ControlRig_Diamond_3mm.uexp" 504
"../../../Engine/Content/EditorResources/S_Trigger.ubulk" 505
"../../../Engine/Content/EditorResources/S_Trigger.uasset" 506
"../../../Engine/Content/EditorResources/S_Trigger.uexp" 507
"../../../Engine/Plugins/Animation/ControlRig/Content/Controls/ControlRig_Diamond_solid.ubulk" 508
"../../../Engine/Plugins/Animation/ControlRig/Content/Controls/ControlRig_Diamond_solid.uasset" 509
"../../../Engine/Plugins/Animation/ControlRig/Content/Controls/ControlRig_Diamond_solid.uexp" 510
"../../../Engine/Content/EditorResources/S_TriggerBox.uasset" 511
"../../../Engine/Content/EditorResources/S_TriggerBox.uexp" 512
"../../../Engine/Plugins/Animation/ControlRig/Content/Controls/ControlRig_HalfCircle_1mm.ubulk" 513
"../../../Engine/Plugins/Animation/ControlRig/Content/Controls/ControlRig_HalfCircle_1mm.uasset" 514
"../../../Engine/Plugins/Animation/ControlRig/Content/Controls/ControlRig_HalfCircle_1mm.uexp" 515
"../../../Engine/Content/EditorResources/S_TriggerCapsule.uasset" 516
"../../../Engine/Content/EditorResources/S_TriggerCapsule.uexp" 517
"../../../Engine/Plugins/Animation/ControlRig/Content/Controls/ControlRig_HalfCircle_3mm.ubulk" 518
"../../../Engine/Plugins/Animation/ControlRig/Content/Controls/ControlRig_HalfCircle_3mm.uasset" 519
"../../../Engine/Plugins/Animation/ControlRig/Content/Controls/ControlRig_HalfCircle_3mm.uexp" 520
"../../../Engine/Content/EditorResources/S_TriggerSphere.uasset" 521
"../../../Engine/Content/EditorResources/S_TriggerSphere.uexp" 522
"../../../Engine/Plugins/Animation/ControlRig/Content/Controls/ControlRig_HalfCircle_solid.ubulk" 523
"../../../Engine/Plugins/Animation/ControlRig/Content/Controls/ControlRig_HalfCircle_solid.uasset" 524
"../../../Engine/Plugins/Animation/ControlRig/Content/Controls/ControlRig_HalfCircle_solid.uexp" 525
"../../../Engine/Plugins/Animation/ControlRig/Content/Controls/ControlRig_Hexagon_1mm.ubulk" 526
"../../../Engine/Plugins/Animation/ControlRig/Content/Controls/ControlRig_Hexagon_1mm.uasset" 527
"../../../Engine/Plugins/Animation/ControlRig/Content/Controls/ControlRig_Hexagon_1mm.uexp" 528
"../../../Engine/Content/EngineMaterials/DefaultBloomKernel.uasset" 529
"../../../Engine/Content/EngineMaterials/DefaultBloomKernel.uexp" 530
"../../../Engine/Content/EngineMaterials/DefaultBokeh.uasset" 531
"../../../Engine/Content/EngineMaterials/DefaultBokeh.uexp" 532
"../../../Engine/Plugins/Animation/ControlRig/Content/Controls/ControlRig_Hexagon_3mm.ubulk" 533
"../../../Engine/Plugins/Animation/ControlRig/Content/Controls/ControlRig_Hexagon_3mm.uasset" 534
"../../../Engine/Plugins/Animation/ControlRig/Content/Controls/ControlRig_Hexagon_3mm.uexp" 535
"../../../Engine/Plugins/Animation/ControlRig/Content/Controls/ControlRig_Hexagon_solid.ubulk" 536
"../../../Engine/Plugins/Animation/ControlRig/Content/Controls/ControlRig_Hexagon_solid.uasset" 537
"../../../Engine/Plugins/Animation/ControlRig/Content/Controls/ControlRig_Hexagon_solid.uexp" 538
"../../../Engine/Plugins/Experimental/MeshModelingToolsetExp/Content/Materials/GetDisplacementVectorForDepthBias.uasset" 539
"../../../Engine/Plugins/Experimental/MeshModelingToolsetExp/Content/Materials/GetDisplacementVectorForDepthBias.uexp" 540
"../../../Engine/Content/Functions/Engine_MaterialFunctions03/Viewport/MF_OrthoWidth.uasset" 541
"../../../Engine/Content/Functions/Engine_MaterialFunctions03/Viewport/MF_OrthoWidth.uexp" 542
"../../../Engine/Content/Functions/Engine_MaterialFunctions02/Utility/FOV.uasset" 543
"../../../Engine/Content/Functions/Engine_MaterialFunctions02/Utility/FOV.uexp" 544
"../../../Engine/Content/Functions/Engine_MaterialFunctions02/WorldPositionOffset/V2/ObjectScale.uasset" 545
"../../../Engine/Content/Functions/Engine_MaterialFunctions02/WorldPositionOffset/V2/ObjectScale.uexp" 546
"../../../Engine/Plugins/Experimental/MeshModelingToolsetExp/Content/Materials/PointSetOverlaidComponentMaterial.uasset" 547
"../../../Engine/Plugins/Experimental/MeshModelingToolsetExp/Content/Materials/PointSetOverlaidComponentMaterial.uexp" 548
"../../../Engine/Plugins/Animation/ControlRig/Content/Controls/ControlRig_Octagon_1mm.ubulk" 549
"../../../Engine/Plugins/Animation/ControlRig/Content/Controls/ControlRig_Octagon_1mm.uasset" 550
"../../../Engine/Plugins/Animation/ControlRig/Content/Controls/ControlRig_Octagon_1mm.uexp" 551
"../../../Engine/Plugins/Animation/ControlRig/Content/Controls/ControlRig_Octagon_3mm.ubulk" 552
"../../../Engine/Plugins/Animation/ControlRig/Content/Controls/ControlRig_Octagon_3mm.uasset" 553
"../../../Engine/Plugins/Animation/ControlRig/Content/Controls/ControlRig_Octagon_3mm.uexp" 554
"../../../Engine/Content/EngineMaterials/DefaultDeferredDecalMaterial.uasset" 555
"../../../Engine/Content/EngineMaterials/DefaultDeferredDecalMaterial.uexp" 556
"../../../Engine/Plugins/Animation/ControlRig/Content/Controls/ControlRig_Octagon_solid.ubulk" 557
"../../../Engine/Plugins/Animation/ControlRig/Content/Controls/ControlRig_Octagon_solid.uasset" 558
"../../../Engine/Plugins/Animation/ControlRig/Content/Controls/ControlRig_Octagon_solid.uexp" 559
"../../../Engine/Plugins/Animation/ControlRig/Content/Controls/ControlRig_Pyramid_1mm.ubulk" 560
"../../../Engine/Plugins/Animation/ControlRig/Content/Controls/ControlRig_Pyramid_1mm.uasset" 561
"../../../Engine/Plugins/Animation/ControlRig/Content/Controls/ControlRig_Pyramid_1mm.uexp" 562
"../../../Engine/Plugins/Animation/ControlRig/Content/Controls/ControlRig_Pyramid_3mm.ubulk" 563
"../../../Engine/Plugins/Animation/ControlRig/Content/Controls/ControlRig_Pyramid_3mm.uasset" 564
"../../../Engine/Plugins/Animation/ControlRig/Content/Controls/ControlRig_Pyramid_3mm.uexp" 565
"../../../Engine/Plugins/Interchange/Assets/Content/Functions/MX_AbsorptionVDF.uasset" 566
"../../../Engine/Plugins/Interchange/Assets/Content/Functions/MX_AbsorptionVDF.uexp" 567
"../../../Engine/Plugins/Animation/ControlRig/Content/Controls/ControlRig_Pyramid_solid.ubulk" 568
"../../../Engine/Plugins/Animation/ControlRig/Content/Controls/ControlRig_Pyramid_solid.uasset" 569
"../../../Engine/Plugins/Animation/ControlRig/Content/Controls/ControlRig_Pyramid_solid.uexp" 570
"../../../Engine/Plugins/Animation/ControlRig/Content/Controls/ControlRig_QuarterCircle_1mm.ubulk" 571
"../../../Engine/Plugins/Animation/ControlRig/Content/Controls/ControlRig_QuarterCircle_1mm.uasset" 572
"../../../Engine/Plugins/Animation/ControlRig/Content/Controls/ControlRig_QuarterCircle_1mm.uexp" 573
"../../../Engine/Plugins/Animation/ControlRig/Content/Controls/ControlRig_QuarterCircle_3mm.ubulk" 574
"../../../Engine/Plugins/Animation/ControlRig/Content/Controls/ControlRig_QuarterCircle_3mm.uasset" 575
"../../../Engine/Plugins/Animation/ControlRig/Content/Controls/ControlRig_QuarterCircle_3mm.uexp" 576
"../../../Engine/Content/EngineMaterials/DefaultLightFunctionMaterial.uasset" 577
"../../../Engine/Content/EngineMaterials/DefaultLightFunctionMaterial.uexp" 578
"../../../Engine/Plugins/Interchange/Assets/Content/Functions/MX_AnisotropicVDF.uasset" 579
"../../../Engine/Plugins/Interchange/Assets/Content/Functions/MX_AnisotropicVDF.uexp" 580
"../../../Engine/Plugins/Animation/ControlRig/Content/Controls/ControlRig_QuarterCircle_solid.ubulk" 581
"../../../Engine/Plugins/Animation/ControlRig/Content/Controls/ControlRig_QuarterCircle_solid.uasset" 582
"../../../Engine/Plugins/Animation/ControlRig/Content/Controls/ControlRig_QuarterCircle_solid.uexp" 583
"../../../Engine/Plugins/Interchange/Assets/Content/Functions/MX_BurleyDiffuseBSDF.uasset" 584
"../../../Engine/Plugins/Interchange/Assets/Content/Functions/MX_BurleyDiffuseBSDF.uexp" 585
"../../../Engine/Plugins/Animation/ControlRig/Content/Controls/ControlRig_RoundedSquare_1mm.ubulk" 586
"../../../Engine/Plugins/Animation/ControlRig/Content/Controls/ControlRig_RoundedSquare_1mm.uasset" 587
"../../../Engine/Plugins/Animation/ControlRig/Content/Controls/ControlRig_RoundedSquare_1mm.uexp" 588
"../../../Engine/Plugins/Animation/ControlRig/Content/Controls/ControlRig_RoundedSquare_3mm.ubulk" 589
"../../../Engine/Plugins/Animation/ControlRig/Content/Controls/ControlRig_RoundedSquare_3mm.uasset" 590
"../../../Engine/Plugins/Animation/ControlRig/Content/Controls/ControlRig_RoundedSquare_3mm.uexp" 591
"../../../Engine/Content/EngineMaterials/DefaultPostProcessMaterial.uasset" 592
"../../../Engine/Content/EngineMaterials/DefaultPostProcessMaterial.uexp" 593
"../../../Engine/Plugins/Animation/ControlRig/Content/Controls/ControlRig_RoundedSquare_solid.ubulk" 594
"../../../Engine/Plugins/Animation/ControlRig/Content/Controls/ControlRig_RoundedSquare_solid.uasset" 595
"../../../Engine/Plugins/Animation/ControlRig/Content/Controls/ControlRig_RoundedSquare_solid.uexp" 596
"../../../Engine/Plugins/Interchange/Assets/Content/Functions/MX_ChiangHairBSDF.uasset" 597
"../../../Engine/Plugins/Interchange/Assets/Content/Functions/MX_ChiangHairBSDF.uexp" 598
"../../../Engine/Content/EngineFonts/RobotoDistanceField.uasset" 599
"../../../Engine/Content/EngineFonts/RobotoDistanceField.uexp" 600
"../../../Engine/Content/EngineMaterials/DefaultTextMaterialOpaque.uasset" 601
"../../../Engine/Content/EngineMaterials/DefaultTextMaterialOpaque.uexp" 602
"../../../Engine/Plugins/Animation/ControlRig/Content/Controls/ControlRig_RoundedTriangle_1mm.ubulk" 603
"../../../Engine/Plugins/Animation/ControlRig/Content/Controls/ControlRig_RoundedTriangle_1mm.uasset" 604
"../../../Engine/Plugins/Animation/ControlRig/Content/Controls/ControlRig_RoundedTriangle_1mm.uexp" 605
"../../../Engine/Plugins/Interchange/Assets/Content/Functions/MX_ConductorBSDF.uasset" 606
"../../../Engine/Plugins/Interchange/Assets/Content/Functions/MX_ConductorBSDF.uexp" 607
"../../../Engine/Plugins/Interchange/Assets/Content/Functions/MX_ConicalEDF.uasset" 608
"../../../Engine/Plugins/Interchange/Assets/Content/Functions/MX_ConicalEDF.uexp" 609
"../../../Engine/Plugins/Interchange/Assets/Content/Functions/MX_DielectricBSDF.uasset" 610
"../../../Engine/Plugins/Interchange/Assets/Content/Functions/MX_DielectricBSDF.uexp" 611
"../../../Engine/Content/Functions/Engine_MaterialFunctions02/Utility/BlendAngleCorrectedNormals.uasset" 612
"../../../Engine/Content/Functions/Engine_MaterialFunctions02/Utility/BlendAngleCorrectedNormals.uexp" 613
"../../../Engine/Plugins/Interchange/Assets/Content/Functions/MX_Displacement.uasset" 614
"../../../Engine/Plugins/Interchange/Assets/Content/Functions/MX_Displacement.uexp" 615
"../../../Engine/Plugins/Interchange/Assets/Content/Functions/MX_GeneralizedSchlickBSDF.uasset" 616
"../../../Engine/Plugins/Interchange/Assets/Content/Functions/MX_GeneralizedSchlickBSDF.uexp" 617
"../../../Engine/Plugins/Animation/ControlRig/Content/Controls/ControlRig_RoundedTriangle_3mm.ubulk" 618
"../../../Engine/Plugins/Animation/ControlRig/Content/Controls/ControlRig_RoundedTriangle_3mm.uasset" 619
"../../../Engine/Plugins/Animation/ControlRig/Content/Controls/ControlRig_RoundedTriangle_3mm.uexp" 620
"../../../Engine/Plugins/Animation/ControlRig/Content/Controls/ControlRig_RoundedTriangle_solid.ubulk" 621
"../../../Engine/Plugins/Animation/ControlRig/Content/Controls/ControlRig_RoundedTriangle_solid.uasset" 622
"../../../Engine/Plugins/Animation/ControlRig/Content/Controls/ControlRig_RoundedTriangle_solid.uexp" 623
"../../../Engine/Plugins/Animation/ControlRig/Content/Controls/ControlRig_Sphere_1mm.ubulk" 624
"../../../Engine/Plugins/Animation/ControlRig/Content/Controls/ControlRig_Sphere_1mm.uasset" 625
"../../../Engine/Plugins/Animation/ControlRig/Content/Controls/ControlRig_Sphere_1mm.uexp" 626
"../../../Engine/Plugins/Interchange/Assets/Content/Functions/MX_MeasuredEDF.uasset" 627
"../../../Engine/Plugins/Interchange/Assets/Content/Functions/MX_MeasuredEDF.uexp" 628
"../../../Engine/Plugins/Animation/ControlRig/Content/Controls/ControlRig_Sphere_3mm.ubulk" 629
"../../../Engine/Plugins/Animation/ControlRig/Content/Controls/ControlRig_Sphere_3mm.uasset" 630
"../../../Engine/Plugins/Animation/ControlRig/Content/Controls/ControlRig_Sphere_3mm.uexp" 631
"../../../Engine/Plugins/Runtime/AudioWidgets/Content/Resources/ScrubHandleDown_Clamped.uasset" 632
"../../../Engine/Plugins/Runtime/AudioWidgets/Content/Resources/ScrubHandleDown_Clamped.uexp" 633
"../../../Engine/Plugins/Interchange/Assets/Content/Functions/MF_IridescenceNoLUT.uasset" 634
"../../../Engine/Plugins/Interchange/Assets/Content/Functions/MF_IridescenceNoLUT.uexp" 635
"../../../Engine/Plugins/Interchange/Assets/Content/Functions/MX_StandardSurface.uasset" 636
"../../../Engine/Plugins/Interchange/Assets/Content/Functions/MX_StandardSurface.uexp" 637
"../../../Engine/Plugins/Interchange/Assets/Content/Functions/MX_OpenPBR_Opaque.uasset" 638
"../../../Engine/Plugins/Interchange/Assets/Content/Functions/MX_OpenPBR_Opaque.uexp" 639
"../../../Engine/Plugins/Interchange/Assets/Content/Functions/MX_TransmissionSurface.uasset" 640
"../../../Engine/Plugins/Interchange/Assets/Content/Functions/MX_TransmissionSurface.uexp" 641
"../../../Engine/Plugins/Interchange/Assets/Content/Functions/MX_OpenPBR_Translucent.uasset" 642
"../../../Engine/Plugins/Interchange/Assets/Content/Functions/MX_OpenPBR_Translucent.uexp" 643
"../../../Engine/Plugins/Animation/ControlRig/Content/Controls/ControlRig_Sphere_solid.ubulk" 644
"../../../Engine/Plugins/Animation/ControlRig/Content/Controls/ControlRig_Sphere_solid.uasset" 645
"../../../Engine/Plugins/Animation/ControlRig/Content/Controls/ControlRig_Sphere_solid.uexp" 646
"../../../Engine/Content/EditorMaterials/Camera/CineMat.uasset" 647
"../../../Engine/Content/EditorMaterials/Camera/CineMat.uexp" 648
"../../../Engine/Content/EditorMaterials/Camera/MI_CineMat_Rig.uasset" 649
"../../../Engine/Content/EditorMaterials/Camera/MI_CineMat_Rig.uexp" 650
"../../../Engine/Content/EditorMeshes/Camera/SM_CraneRig_Base.ubulk" 651
"../../../Engine/Content/EditorMeshes/Camera/SM_CraneRig_Base.uasset" 652
"../../../Engine/Content/EditorMeshes/Camera/SM_CraneRig_Base.uexp" 653
"../../../Engine/Plugins/Interchange/Assets/Content/Functions/MX_OrenNayarBSDF.uasset" 654
"../../../Engine/Plugins/Interchange/Assets/Content/Functions/MX_OrenNayarBSDF.uexp" 655
"../../../Engine/Plugins/Animation/ControlRig/Content/Controls/ControlRig_Square_1mm.ubulk" 656
"../../../Engine/Plugins/Animation/ControlRig/Content/Controls/ControlRig_Square_1mm.uasset" 657
"../../../Engine/Plugins/Animation/ControlRig/Content/Controls/ControlRig_Square_1mm.uexp" 658
"../../../Engine/Content/EditorMeshes/Camera/SM_CraneRig_Body.ubulk" 659
"../../../Engine/Content/EditorMeshes/Camera/SM_CraneRig_Body.uasset" 660
"../../../Engine/Content/EditorMeshes/Camera/SM_CraneRig_Body.uexp" 661
"../../../Engine/Plugins/Animation/ControlRig/Content/Controls/ControlRig_Square_3mm.ubulk" 662
"../../../Engine/Plugins/Animation/ControlRig/Content/Controls/ControlRig_Square_3mm.uasset" 663
"../../../Engine/Plugins/Animation/ControlRig/Content/Controls/ControlRig_Square_3mm.uexp" 664
"../../../Engine/Content/EditorMeshes/Camera/SM_CraneRig_Mount.ubulk" 665
"../../../Engine/Content/EditorMeshes/Camera/SM_CraneRig_Mount.uasset" 666
"../../../Engine/Content/EditorMeshes/Camera/SM_CraneRig_Mount.uexp" 667
"../../../Engine/Plugins/Interchange/Assets/Content/Substrate/MX_SimpleVolume.uasset" 668
"../../../Engine/Plugins/Interchange/Assets/Content/Substrate/MX_SimpleVolume.uexp" 669
"../../../Engine/Content/EditorMeshes/Camera/SM_RailRig_Mount.ubulk" 670
"../../../Engine/Content/EditorMeshes/Camera/SM_RailRig_Mount.uasset" 671
"../../../Engine/Content/EditorMeshes/Camera/SM_RailRig_Mount.uexp" 672
"../../../Engine/Plugins/Animation/ControlRig/Content/Controls/ControlRig_Square_solid.ubulk" 673
"../../../Engine/Plugins/Animation/ControlRig/Content/Controls/ControlRig_Square_solid.uasset" 674
"../../../Engine/Plugins/Animation/ControlRig/Content/Controls/ControlRig_Square_solid.uexp" 675
"../../../Engine/Content/EditorMeshes/Camera/SM_RailRig_Track.ubulk" 676
"../../../Engine/Content/EditorMeshes/Camera/SM_RailRig_Track.uasset" 677
"../../../Engine/Content/EditorMeshes/Camera/SM_RailRig_Track.uexp" 678
"../../../Engine/Plugins/Animation/ControlRig/Content/Controls/ControlRig_Star4_1mm.ubulk" 679
"../../../Engine/Plugins/Animation/ControlRig/Content/Controls/ControlRig_Star4_1mm.uasset" 680
"../../../Engine/Plugins/Animation/ControlRig/Content/Controls/ControlRig_Star4_1mm.uexp" 681
"../../../Engine/Plugins/Interchange/Assets/Content/Functions/MX_SheenBSDF.uasset" 682
"../../../Engine/Plugins/Interchange/Assets/Content/Functions/MX_SheenBSDF.uexp" 683
"../../../Engine/Plugins/Animation/ControlRig/Content/Controls/ControlRig_Star4_3mm.ubulk" 684
"../../../Engine/Plugins/Animation/ControlRig/Content/Controls/ControlRig_Star4_3mm.uasset" 685
"../../../Engine/Plugins/Animation/ControlRig/Content/Controls/ControlRig_Star4_3mm.uexp" 686
"../../../Engine/Plugins/Interchange/Assets/Content/Functions/MX_SubsurfaceBSDF.uasset" 687
"../../../Engine/Plugins/Interchange/Assets/Content/Functions/MX_SubsurfaceBSDF.uexp" 688
"../../../Engine/Plugins/Animation/ControlRig/Content/Controls/ControlRig_Star4_solid.ubulk" 689
"../../../Engine/Plugins/Animation/ControlRig/Content/Controls/ControlRig_Star4_solid.uasset" 690
"../../../Engine/Plugins/Animation/ControlRig/Content/Controls/ControlRig_Star4_solid.uexp" 691
"../../../Engine/Content/EditorMaterials/Dataflow/DataflowTwoSidedVertexMaterial.uasset" 692
"../../../Engine/Content/EditorMaterials/Dataflow/DataflowTwoSidedVertexMaterial.uexp" 693
"../../../Engine/Plugins/Interchange/Assets/Content/Functions/MX_Surface.uasset" 694
"../../../Engine/Plugins/Interchange/Assets/Content/Functions/MX_Surface.uexp" 695
"../../../Engine/Plugins/Animation/ControlRig/Content/Controls/ControlRig_Triangle_1mm.ubulk" 696
"../../../Engine/Plugins/Animation/ControlRig/Content/Controls/ControlRig_Triangle_1mm.uasset" 697
"../../../Engine/Plugins/Animation/ControlRig/Content/Controls/ControlRig_Triangle_1mm.uexp" 698
"../../../Engine/Content/EditorMaterials/Dataflow/DataflowVertexMaterial.uasset" 699
"../../../Engine/Content/EditorMaterials/Dataflow/DataflowVertexMaterial.uexp" 700
"../../../Engine/Plugins/Animation/ControlRig/Content/Controls/ControlRig_Triangle_3mm.ubulk" 701
"../../../Engine/Plugins/Animation/ControlRig/Content/Controls/ControlRig_Triangle_3mm.uasset" 702
"../../../Engine/Plugins/Animation/ControlRig/Content/Controls/ControlRig_Triangle_3mm.uexp" 703
"../../../Engine/Plugins/Interchange/Assets/Content/Functions/MX_SurfaceUnlit.uasset" 704
"../../../Engine/Plugins/Interchange/Assets/Content/Functions/MX_SurfaceUnlit.uexp" 705
"../../../Engine/Content/EngineMaterials/EnergyConservation/Diffuse_Energy.uasset" 706
"../../../Engine/Content/EngineMaterials/EnergyConservation/Diffuse_Energy.uexp" 707
"../../../Engine/Plugins/Animation/ControlRig/Content/Controls/ControlRig_Triangle_solid.ubulk" 708
"../../../Engine/Plugins/Animation/ControlRig/Content/Controls/ControlRig_Triangle_solid.uasset" 709
"../../../Engine/Plugins/Animation/ControlRig/Content/Controls/ControlRig_Triangle_solid.uexp" 710
"../../../Engine/Content/EngineMaterials/EnergyConservation/GGX_ReflectionEnergy.uasset" 711
"../../../Engine/Content/EngineMaterials/EnergyConservation/GGX_ReflectionEnergy.uexp" 712
"../../../Engine/Plugins/Interchange/Assets/Content/Functions/MX_TranslucentBSDF.uasset" 713
"../../../Engine/Plugins/Interchange/Assets/Content/Functions/MX_TranslucentBSDF.uexp" 714
"../../../Engine/Plugins/Animation/ControlRig/Content/Controls/ControlRig_Wedge_1mm.ubulk" 715
"../../../Engine/Plugins/Animation/ControlRig/Content/Controls/ControlRig_Wedge_1mm.uasset" 716
"../../../Engine/Plugins/Animation/ControlRig/Content/Controls/ControlRig_Wedge_1mm.uexp" 717
"../../../Engine/Plugins/Animation/ControlRig/Content/Controls/ControlRig_Wedge_3mm.ubulk" 718
"../../../Engine/Plugins/Animation/ControlRig/Content/Controls/ControlRig_Wedge_3mm.uasset" 719
"../../../Engine/Plugins/Animation/ControlRig/Content/Controls/ControlRig_Wedge_3mm.uexp" 720
"../../../Engine/Content/EngineMaterials/EnergyConservation/GGX_TransmissionEnergyArray.uasset" 721
"../../../Engine/Content/EngineMaterials/EnergyConservation/GGX_TransmissionEnergyArray.uexp" 722
"../../../Engine/Plugins/Interchange/Assets/Content/Functions/MX_UniformEDF.uasset" 723
"../../../Engine/Plugins/Interchange/Assets/Content/Functions/MX_UniformEDF.uexp" 724
"../../../Engine/Plugins/Interchange/Assets/Content/Functions/MX_UsdPreviewSurface.uasset" 725
"../../../Engine/Plugins/Interchange/Assets/Content/Functions/MX_UsdPreviewSurface.uexp" 726
"../../../Engine/Plugins/Animation/ControlRig/Content/Controls/ControlRig_Wedge_solid.ubulk" 727
"../../../Engine/Plugins/Animation/ControlRig/Content/Controls/ControlRig_Wedge_solid.uasset" 728
"../../../Engine/Plugins/Animation/ControlRig/Content/Controls/ControlRig_Wedge_solid.uexp" 729
"../../../Engine/Content/EngineMaterials/EnergyConservation/SheenLegacy_Energy.uasset" 730
"../../../Engine/Content/EngineMaterials/EnergyConservation/SheenLegacy_Energy.uexp" 731
"../../../Engine/Content/EngineMaterials/EnergyConservation/Sheen_Energy.uasset" 732
"../../../Engine/Content/EngineMaterials/EnergyConservation/Sheen_Energy.uexp" 733
"../../../Engine/Content/EngineDamageTypes/DmgTypeBP_Environmental.uasset" 734
"../../../Engine/Content/EngineDamageTypes/DmgTypeBP_Environmental.uexp" 735
"../../../Engine/Content/EngineMaterials/LTC/GGX_LTCAmp.uasset" 736
"../../../Engine/Content/EngineMaterials/LTC/GGX_LTCAmp.uexp" 737
"../../../Engine/Content/EngineMaterials/LTC/GGX_LTCMat.uasset" 738
"../../../Engine/Content/EngineMaterials/LTC/GGX_LTCMat.uexp" 739
"../../../Engine/Content/EngineMaterials/LTC/Sheen_LTC.uasset" 740
"../../../Engine/Content/EngineMaterials/LTC/Sheen_LTC.uexp" 741
"../../../Engine/Content/EngineResources/Development/ZenLogo_64.uasset" 742
"../../../Engine/Content/EngineResources/Development/ZenLogo_64.uexp" 743
"../../../Engine/Content/VREditor/TransformGizmo/BoundingBoxCorner.ubulk" 744
"../../../Engine/Content/VREditor/TransformGizmo/BoundingBoxCorner.uasset" 745
"../../../Engine/Content/VREditor/TransformGizmo/BoundingBoxCorner.uexp" 746
"../../../Engine/Content/EngineResources/FilmGrains/Marcie_Grain_v3_128_M2_000.uasset" 747
"../../../Engine/Content/EngineResources/FilmGrains/Marcie_Grain_v3_128_M2_000.uexp" 748
"../../../Engine/Content/EditorLandscapeResources/ColorMaskBrushMaterial.uasset" 749
"../../../Engine/Content/EditorLandscapeResources/ColorMaskBrushMaterial.uexp" 750
"../../../Engine/Content/EditorLandscapeResources/ColorMaskBrushMaterial_MaskedRegion.uasset" 751
"../../../Engine/Content/EditorLandscapeResources/ColorMaskBrushMaterial_MaskedRegion.uexp" 752
"../../../Engine/Plugins/Runtime/HairStrands/Content/Materials/HairCardsDefaultMaterial.uasset" 753
"../../../Engine/Plugins/Runtime/HairStrands/Content/Materials/HairCardsDefaultMaterial.uexp" 754
"../../../Engine/Content/Functions/Engine_MaterialFunctions02/Utility/MakeFloat2.uasset" 755
"../../../Engine/Content/Functions/Engine_MaterialFunctions02/Utility/MakeFloat2.uexp" 756
"../../../Engine/Content/EngineMaterials/HairColorMap.uasset" 757
"../../../Engine/Content/EngineMaterials/HairColorMap.uexp" 758
"../../../Engine/Content/EngineMaterials/HairDebugColor.uasset" 759
"../../../Engine/Content/EngineMaterials/HairDebugColor.uexp" 760
"../../../Engine/Plugins/Runtime/HairStrands/Content/Materials/HairGroupColors.uasset" 761
"../../../Engine/Plugins/Runtime/HairStrands/Content/Materials/HairGroupColors.uexp" 762
"../../../Engine/Plugins/Runtime/HairStrands/Content/Materials/HairDebugMaterial.uasset" 763
"../../../Engine/Plugins/Runtime/HairStrands/Content/Materials/HairDebugMaterial.uexp" 764
"../../../Engine/Plugins/Runtime/HairStrands/Content/Materials/HairDefaultMaterial.uasset" 765
"../../../Engine/Plugins/Runtime/HairStrands/Content/Materials/HairDefaultMaterial.uexp" 766
"../../../Engine/Content/EditorMaterials/ParticleSystems/PSysThumbnail_NoImage.ubulk" 767
"../../../Engine/Content/EditorMaterials/ParticleSystems/PSysThumbnail_NoImage.uasset" 768
"../../../Engine/Content/EditorMaterials/ParticleSystems/PSysThumbnail_NoImage.uexp" 769
"../../../Engine/Plugins/Runtime/HairStrands/Content/Materials/HairMeshesDefaultMaterial.uasset" 770
"../../../Engine/Plugins/Runtime/HairStrands/Content/Materials/HairMeshesDefaultMaterial.uexp" 771
"../../../Engine/Content/EditorMaterials/ParticleSystems/PSysThumbnail_OOD.ubulk" 772
"../../../Engine/Content/EditorMaterials/ParticleSystems/PSysThumbnail_OOD.uasset" 773
"../../../Engine/Content/EditorMaterials/ParticleSystems/PSysThumbnail_OOD.uexp" 774
"../../../Engine/Content/VREditor/TransformGizmo/BoundingBoxEdge.ubulk" 775
"../../../Engine/Content/VREditor/TransformGizmo/BoundingBoxEdge.uasset" 776
"../../../Engine/Content/VREditor/TransformGizmo/BoundingBoxEdge.uexp" 777
"../../../Engine/Content/ArtTools/RenderToTexture/Meshes/S_1_Unit_Plane.ubulk" 778
"../../../Engine/Content/ArtTools/RenderToTexture/Meshes/S_1_Unit_Plane.uasset" 779
"../../../Engine/Content/ArtTools/RenderToTexture/Meshes/S_1_Unit_Plane.uexp" 780
"../../../Engine/Content/EditorMeshes/Camera/SM_CraneRig_Arm.ubulk" 781
"../../../Engine/Content/EditorMeshes/Camera/SM_CraneRig_Arm.uasset" 782
"../../../Engine/Content/EditorMeshes/Camera/SM_CraneRig_Arm.uexp" 783
"../../../Engine/Content/EngineMaterials/Substrate/GLints/AGlintTex2dArray.uasset" 784
"../../../Engine/Content/EngineMaterials/Substrate/GLints/AGlintTex2dArray.uexp" 785
"../../../Engine/Content/EditorResources/SequenceRecorder/Countdown.uasset" 786
"../../../Engine/Content/EditorResources/SequenceRecorder/Countdown.uexp" 787
"../../../Engine/Content/EditorResources/SequenceRecorder/RecordingIndicator.uasset" 788
"../../../Engine/Content/EditorResources/SequenceRecorder/RecordingIndicator.uexp" 789
"../../../Engine/Content/EngineMaterials/Substrate/Glints2/AGlintTex2dArray2.uasset" 790
"../../../Engine/Content/EngineMaterials/Substrate/Glints2/AGlintTex2dArray2.uexp" 791
"../../../Engine/Content/Functions/Engine_MaterialFunctions01/Texturing/FlattenNormal.uasset" 792
"../../../Engine/Content/Functions/Engine_MaterialFunctions01/Texturing/FlattenNormal.uexp" 793
"../../../Engine/Plugins/Interchange/Assets/Content/Utilities/New_LUT.uasset" 794
"../../../Engine/Plugins/Interchange/Assets/Content/Utilities/New_LUT.uexp" 795
"../../../Engine/Content/Functions/Engine_MaterialFunctions03/Math/RemapValueRange.uasset" 796
"../../../Engine/Content/Functions/Engine_MaterialFunctions03/Math/RemapValueRange.uexp" 797
"../../../Engine/Plugins/Interchange/Assets/Content/Functions/MF_Iridescence.uasset" 798
"../../../Engine/Plugins/Interchange/Assets/Content/Functions/MF_Iridescence.uexp" 799
"../../../Engine/Plugins/Interchange/Assets/Content/gltf/Textures/T_White_srgb.uasset" 800
"../../../Engine/Plugins/Interchange/Assets/Content/gltf/Textures/T_White_srgb.uexp" 801
"../../../Engine/Plugins/Interchange/Assets/Content/gltf/MaterialFunctions/MF_BaseColor.uasset" 802
"../../../Engine/Plugins/Interchange/Assets/Content/gltf/MaterialFunctions/MF_BaseColor.uexp" 803
"../../../Engine/Plugins/Interchange/Assets/Content/gltf/MaterialFunctions/MF_RotateNormals_TS.uasset" 804
"../../../Engine/Plugins/Interchange/Assets/Content/gltf/MaterialFunctions/MF_RotateNormals_TS.uexp" 805
"../../../Engine/Plugins/Interchange/Assets/Content/gltf/Textures/T_Generic_N.uasset" 806
"../../../Engine/Plugins/Interchange/Assets/Content/gltf/Textures/T_Generic_N.uexp" 807
"../../../Engine/Plugins/Interchange/Assets/Content/gltf/Textures/T_White_Linear.uasset" 808
"../../../Engine/Plugins/Interchange/Assets/Content/gltf/Textures/T_White_Linear.uexp" 809
"../../../Engine/Plugins/Interchange/Assets/Content/gltf/MaterialFunctions/MF_Clearcoat.uasset" 810
"../../../Engine/Plugins/Interchange/Assets/Content/gltf/MaterialFunctions/MF_Clearcoat.uexp" 811
"../../../Engine/Plugins/Interchange/Assets/Content/gltf/MaterialFunctions/MF_Emissive.uasset" 812
"../../../Engine/Plugins/Interchange/Assets/Content/gltf/MaterialFunctions/MF_Emissive.uexp" 813
"../../../Engine/Plugins/Interchange/Assets/Content/gltf/MaterialFunctions/MF_IOR.uasset" 814
"../../../Engine/Plugins/Interchange/Assets/Content/gltf/MaterialFunctions/MF_IOR.uexp" 815
"../../../Engine/Plugins/Interchange/Assets/Content/gltf/MaterialFunctions/MF_Iridescence.uasset" 816
"../../../Engine/Plugins/Interchange/Assets/Content/gltf/MaterialFunctions/MF_Iridescence.uexp" 817
"../../../Engine/Plugins/Interchange/Assets/Content/gltf/MaterialFunctions/MF_MetallicRoughness.uasset" 818
"../../../Engine/Plugins/Interchange/Assets/Content/gltf/MaterialFunctions/MF_MetallicRoughness.uexp" 819
"../../../Engine/Plugins/Interchange/Assets/Content/gltf/MaterialFunctions/MF_ScaleNormal.uasset" 820
"../../../Engine/Plugins/Interchange/Assets/Content/gltf/MaterialFunctions/MF_ScaleNormal.uexp" 821
"../../../Engine/Plugins/Interchange/Assets/Content/gltf/MaterialFunctions/MF_Normals.uasset" 822
"../../../Engine/Plugins/Interchange/Assets/Content/gltf/MaterialFunctions/MF_Normals.uexp" 823
"../../../Engine/Plugins/Interchange/Assets/Content/gltf/MaterialFunctions/MF_Occlusion.uasset" 824
"../../../Engine/Plugins/Interchange/Assets/Content/gltf/MaterialFunctions/MF_Occlusion.uexp" 825
"../../../Engine/Plugins/Interchange/Assets/Content/gltf/MaterialFunctions/MF_Specular.uasset" 826
"../../../Engine/Plugins/Interchange/Assets/Content/gltf/MaterialFunctions/MF_Specular.uexp" 827
"../../../Engine/Plugins/Interchange/Assets/Content/gltf/Textures/T_Anisotropy_Direction_Linear.uasset" 828
"../../../Engine/Plugins/Interchange/Assets/Content/gltf/Textures/T_Anisotropy_Direction_Linear.uexp" 829
"../../../Engine/Plugins/Interchange/Assets/Content/gltf/MaterialFunctions/MF_SpecularAnisotropy.uasset" 830
"../../../Engine/Plugins/Interchange/Assets/Content/gltf/MaterialFunctions/MF_SpecularAnisotropy.uexp" 831
"../../../Engine/Plugins/Interchange/Assets/Content/gltf/MaterialFunctions/MF_RotateV2.uasset" 832
"../../../Engine/Plugins/Interchange/Assets/Content/gltf/MaterialFunctions/MF_RotateV2.uexp" 833
"../../../Engine/Plugins/Interchange/Assets/Content/gltf/MaterialFunctions/MF_TransformUVs.uasset" 834
"../../../Engine/Plugins/Interchange/Assets/Content/gltf/MaterialFunctions/MF_TransformUVs.uexp" 835
"../../../Engine/Plugins/Interchange/Assets/Content/gltf/MaterialBodies/MF_ClearCoat_Body.uasset" 836
"../../../Engine/Plugins/Interchange/Assets/Content/gltf/MaterialBodies/MF_ClearCoat_Body.uexp" 837
"../../../Engine/Plugins/Interchange/Assets/Content/gltf/M_ClearCoat.uasset" 838
"../../../Engine/Plugins/Interchange/Assets/Content/gltf/M_ClearCoat.uexp" 839
"../../../Engine/Plugins/Interchange/Assets/Content/gltf/MaterialInstances/MI_ClearCoat_Blend.uasset" 840
"../../../Engine/Plugins/Interchange/Assets/Content/gltf/MaterialInstances/MI_ClearCoat_Blend.uexp" 841
"../../../Engine/Plugins/Interchange/Assets/Content/gltf/MaterialInstances/MI_ClearCoat_Blend_DS.uasset" 842
"../../../Engine/Plugins/Interchange/Assets/Content/gltf/MaterialInstances/MI_ClearCoat_Blend_DS.uexp" 843
"../../../Engine/Plugins/Interchange/Assets/Content/gltf/MaterialInstances/MI_ClearCoat_Mask.uasset" 844
"../../../Engine/Plugins/Interchange/Assets/Content/gltf/MaterialInstances/MI_ClearCoat_Mask.uexp" 845
"../../../Engine/Plugins/Interchange/Assets/Content/gltf/MaterialInstances/MI_ClearCoat_Mask_DS.uasset" 846
"../../../Engine/Plugins/Interchange/Assets/Content/gltf/MaterialInstances/MI_ClearCoat_Mask_DS.uexp" 847
"../../../Engine/Plugins/Interchange/Assets/Content/gltf/MaterialInstances/MI_ClearCoat_Opaque.uasset" 848
"../../../Engine/Plugins/Interchange/Assets/Content/gltf/MaterialInstances/MI_ClearCoat_Opaque.uexp" 849
"../../../Engine/Plugins/Interchange/Assets/Content/gltf/MaterialInstances/MI_ClearCoat_Opaque_DS.uasset" 850
"../../../Engine/Plugins/Interchange/Assets/Content/gltf/MaterialInstances/MI_ClearCoat_Opaque_DS.uexp" 851
"../../../Engine/Plugins/Interchange/Assets/Content/gltf/MaterialBodies/MF_Default_Body.uasset" 852
"../../../Engine/Plugins/Interchange/Assets/Content/gltf/MaterialBodies/MF_Default_Body.uexp" 853
"../../../Engine/Plugins/Interchange/Assets/Content/gltf/M_Default.uasset" 854
"../../../Engine/Plugins/Interchange/Assets/Content/gltf/M_Default.uexp" 855
"../../../Engine/Plugins/Interchange/Assets/Content/gltf/MaterialInstances/MI_Default_Blend.uasset" 856
"../../../Engine/Plugins/Interchange/Assets/Content/gltf/MaterialInstances/MI_Default_Blend.uexp" 857
"../../../Engine/Plugins/Interchange/Assets/Content/gltf/MaterialInstances/MI_Default_Blend_DS.uasset" 858
"../../../Engine/Plugins/Interchange/Assets/Content/gltf/MaterialInstances/MI_Default_Blend_DS.uexp" 859
"../../../Engine/Plugins/Interchange/Assets/Content/gltf/MaterialInstances/MI_Default_Mask.uasset" 860
"../../../Engine/Plugins/Interchange/Assets/Content/gltf/MaterialInstances/MI_Default_Mask.uexp" 861
"../../../Engine/Plugins/Interchange/Assets/Content/gltf/MaterialInstances/MI_Default_Mask_DS.uasset" 862
"../../../Engine/Plugins/Interchange/Assets/Content/gltf/MaterialInstances/MI_Default_Mask_DS.uexp" 863
"../../../Engine/Plugins/Interchange/Assets/Content/gltf/MaterialInstances/MI_Default_Opaque.uasset" 864
"../../../Engine/Plugins/Interchange/Assets/Content/gltf/MaterialInstances/MI_Default_Opaque.uexp" 865
"../../../Engine/Plugins/Interchange/Assets/Content/gltf/MaterialInstances/MI_Default_Opaque_DS.uasset" 866
"../../../Engine/Plugins/Interchange/Assets/Content/gltf/MaterialInstances/MI_Default_Opaque_DS.uexp" 867
"../../../Engine/Plugins/Interchange/Assets/Content/gltf/MaterialFunctions/MF_Sheen.uasset" 868
"../../../Engine/Plugins/Interchange/Assets/Content/gltf/MaterialFunctions/MF_Sheen.uexp" 869
"../../../Engine/Plugins/Interchange/Assets/Content/gltf/MaterialBodies/MF_Sheen_Body.uasset" 870
"../../../Engine/Plugins/Interchange/Assets/Content/gltf/MaterialBodies/MF_Sheen_Body.uexp" 871
"../../../Engine/Plugins/Interchange/Assets/Content/gltf/M_Sheen.uasset" 872
"../../../Engine/Plugins/Interchange/Assets/Content/gltf/M_Sheen.uexp" 873
"../../../Engine/Plugins/Interchange/Assets/Content/gltf/MaterialInstances/MI_Sheen_Blend.uasset" 874
"../../../Engine/Plugins/Interchange/Assets/Content/gltf/MaterialInstances/MI_Sheen_Blend.uexp" 875
"../../../Engine/Plugins/Interchange/Assets/Content/gltf/MaterialInstances/MI_Sheen_Blend_DS.uasset" 876
"../../../Engine/Plugins/Interchange/Assets/Content/gltf/MaterialInstances/MI_Sheen_Blend_DS.uexp" 877
"../../../Engine/Plugins/Interchange/Assets/Content/gltf/MaterialInstances/MI_Sheen_Mask.uasset" 878
"../../../Engine/Plugins/Interchange/Assets/Content/gltf/MaterialInstances/MI_Sheen_Mask.uexp" 879
"../../../Engine/Plugins/Interchange/Assets/Content/gltf/MaterialInstances/MI_Sheen_Mask_DS.uasset" 880
"../../../Engine/Plugins/Interchange/Assets/Content/gltf/MaterialInstances/MI_Sheen_Mask_DS.uexp" 881
"../../../Engine/Plugins/Interchange/Assets/Content/gltf/MaterialInstances/MI_Sheen_Opaque.uasset" 882
"../../../Engine/Plugins/Interchange/Assets/Content/gltf/MaterialInstances/MI_Sheen_Opaque.uexp" 883
"../../../Engine/Plugins/Interchange/Assets/Content/gltf/MaterialInstances/MI_Sheen_Opaque_DS.uasset" 884
"../../../Engine/Plugins/Interchange/Assets/Content/gltf/MaterialInstances/MI_Sheen_Opaque_DS.uexp" 885
"../../../Engine/Plugins/Interchange/Assets/Content/gltf/MaterialFunctions/MF_DiffuseSpecGloss.uasset" 886
"../../../Engine/Plugins/Interchange/Assets/Content/gltf/MaterialFunctions/MF_DiffuseSpecGloss.uexp" 887
"../../../Engine/Plugins/Interchange/Assets/Content/gltf/MaterialFunctions/MF_MaxComponentValue.uasset" 888
"../../../Engine/Plugins/Interchange/Assets/Content/gltf/MaterialFunctions/MF_MaxComponentValue.uexp" 889
"../../../Engine/Content/Functions/Engine_MaterialFunctions02/Math/AddComponents.uasset" 890
"../../../Engine/Content/Functions/Engine_MaterialFunctions02/Math/AddComponents.uexp" 891
"../../../Engine/Plugins/Interchange/Assets/Content/gltf/MaterialFunctions/MF_PerceivedBrightness.uasset" 892
"../../../Engine/Plugins/Interchange/Assets/Content/gltf/MaterialFunctions/MF_PerceivedBrightness.uexp" 893
"../../../Engine/Plugins/Interchange/Assets/Content/gltf/MaterialFunctions/MF_SpecGlossToMetalRoughness.uasset" 894
"../../../Engine/Plugins/Interchange/Assets/Content/gltf/MaterialFunctions/MF_SpecGlossToMetalRoughness.uexp" 895
"../../../Engine/Plugins/Interchange/Assets/Content/gltf/MaterialBodies/MF_SpecularGlossiness_Body.uasset" 896
"../../../Engine/Plugins/Interchange/Assets/Content/gltf/MaterialBodies/MF_SpecularGlossiness_Body.uexp" 897
"../../../Engine/Plugins/Interchange/Assets/Content/gltf/M_SpecularGlossiness.uasset" 898
"../../../Engine/Plugins/Interchange/Assets/Content/gltf/M_SpecularGlossiness.uexp" 899
"../../../Engine/Plugins/Interchange/Assets/Content/gltf/MaterialInstances/MI_SpecularGlossiness_Blend.uasset" 900
"../../../Engine/Plugins/Interchange/Assets/Content/gltf/MaterialInstances/MI_SpecularGlossiness_Blend.uexp" 901
"../../../Engine/Plugins/Interchange/Assets/Content/gltf/MaterialInstances/MI_SpecularGlossiness_Blend_DS.uasset" 902
"../../../Engine/Plugins/Interchange/Assets/Content/gltf/MaterialInstances/MI_SpecularGlossiness_Blend_DS.uexp" 903
"../../../Engine/Plugins/Interchange/Assets/Content/gltf/MaterialInstances/MI_SpecularGlossiness_Mask.uasset" 904
"../../../Engine/Plugins/Interchange/Assets/Content/gltf/MaterialInstances/MI_SpecularGlossiness_Mask.uexp" 905
"../../../Engine/Plugins/Interchange/Assets/Content/gltf/MaterialInstances/MI_SpecularGlossiness_Mask_DS.uasset" 906
"../../../Engine/Plugins/Interchange/Assets/Content/gltf/MaterialInstances/MI_SpecularGlossiness_Mask_DS.uexp" 907
"../../../Engine/Plugins/Interchange/Assets/Content/gltf/MaterialInstances/MI_SpecularGlossiness_Opaque.uasset" 908
"../../../Engine/Plugins/Interchange/Assets/Content/gltf/MaterialInstances/MI_SpecularGlossiness_Opaque.uexp" 909
"../../../Engine/Plugins/Interchange/Assets/Content/gltf/MaterialInstances/MI_SpecularGlossiness_Opaque_DS.uasset" 910
"../../../Engine/Plugins/Interchange/Assets/Content/gltf/MaterialInstances/MI_SpecularGlossiness_Opaque_DS.uexp" 911
"../../../Engine/Content/EngineMaterials/Good64x64TilingNoiseHighFreq.uasset" 912
"../../../Engine/Content/EngineMaterials/Good64x64TilingNoiseHighFreq.uexp" 913
"../../../Engine/Content/Functions/Engine_MaterialFunctions02/Texturing/ScreenAlignedPixelToPixelUVs.uasset" 914
"../../../Engine/Content/Functions/Engine_MaterialFunctions02/Texturing/ScreenAlignedPixelToPixelUVs.uexp" 915
"../../../Engine/Plugins/Interchange/Assets/Content/gltf/MaterialFunctions/MF_Fresnel_DS.uasset" 916
"../../../Engine/Plugins/Interchange/Assets/Content/gltf/MaterialFunctions/MF_Fresnel_DS.uexp" 917
"../../../Engine/Plugins/Interchange/Assets/Content/gltf/MaterialFunctions/MF_Temporal_Blur.uasset" 918
"../../../Engine/Plugins/Interchange/Assets/Content/gltf/MaterialFunctions/MF_Temporal_Blur.uexp" 919
"../../../Engine/Plugins/Interchange/Assets/Content/gltf/MaterialFunctions/MF_Transmission.uasset" 920
"../../../Engine/Plugins/Interchange/Assets/Content/gltf/MaterialFunctions/MF_Transmission.uexp" 921
"../../../Engine/Plugins/Interchange/Assets/Content/gltf/MaterialBodies/MF_Transmission_Body.uasset" 922
"../../../Engine/Plugins/Interchange/Assets/Content/gltf/MaterialBodies/MF_Transmission_Body.uexp" 923
"../../../Engine/Plugins/Interchange/Assets/Content/gltf/M_Transmission.uasset" 924
"../../../Engine/Plugins/Interchange/Assets/Content/gltf/M_Transmission.uexp" 925
"../../../Engine/Plugins/Interchange/Assets/Content/gltf/MaterialInstances/MI_Transmission.uasset" 926
"../../../Engine/Plugins/Interchange/Assets/Content/gltf/MaterialInstances/MI_Transmission.uexp" 927
"../../../Engine/Plugins/Interchange/Assets/Content/gltf/MaterialInstances/MI_Transmission_DS.uasset" 928
"../../../Engine/Plugins/Interchange/Assets/Content/gltf/MaterialInstances/MI_Transmission_DS.uexp" 929
"../../../Engine/Plugins/Interchange/Assets/Content/gltf/MaterialBodies/MF_Unlit_Body.uasset" 930
"../../../Engine/Plugins/Interchange/Assets/Content/gltf/MaterialBodies/MF_Unlit_Body.uexp" 931
"../../../Engine/Plugins/Interchange/Assets/Content/gltf/M_Unlit.uasset" 932
"../../../Engine/Plugins/Interchange/Assets/Content/gltf/M_Unlit.uexp" 933
"../../../Engine/Plugins/Interchange/Assets/Content/gltf/MaterialInstances/MI_Unlit_Blend.uasset" 934
"../../../Engine/Plugins/Interchange/Assets/Content/gltf/MaterialInstances/MI_Unlit_Blend.uexp" 935
"../../../Engine/Plugins/Interchange/Assets/Content/gltf/MaterialInstances/MI_Unlit_Blend_DS.uasset" 936
"../../../Engine/Plugins/Interchange/Assets/Content/gltf/MaterialInstances/MI_Unlit_Blend_DS.uexp" 937
"../../../Engine/Plugins/Interchange/Assets/Content/gltf/MaterialInstances/MI_Unlit_Mask.uasset" 938
"../../../Engine/Plugins/Interchange/Assets/Content/gltf/MaterialInstances/MI_Unlit_Mask.uexp" 939
"../../../Engine/Plugins/Interchange/Assets/Content/gltf/MaterialInstances/MI_Unlit_Mask_DS.uasset" 940
"../../../Engine/Plugins/Interchange/Assets/Content/gltf/MaterialInstances/MI_Unlit_Mask_DS.uexp" 941
"../../../Engine/Plugins/Interchange/Assets/Content/gltf/MaterialInstances/MI_Unlit_Opaque.uasset" 942
"../../../Engine/Plugins/Interchange/Assets/Content/gltf/MaterialInstances/MI_Unlit_Opaque.uexp" 943
"../../../Engine/Plugins/Interchange/Assets/Content/gltf/MaterialInstances/MI_Unlit_Opaque_DS.uasset" 944
"../../../Engine/Plugins/Interchange/Assets/Content/gltf/MaterialInstances/MI_Unlit_Opaque_DS.uexp" 945
"../../../Engine/Content/EngineMaterials/Substrate/Volume/SubstrateSimpleVolumeEnvLUT3D.uasset" 946
"../../../Engine/Content/EngineMaterials/Substrate/Volume/SubstrateSimpleVolumeEnvLUT3D.uexp" 947
"../../../Engine/Content/EngineMaterials/Substrate/Volume/SubstrateSimpleVolumeLUT3D.uasset" 948
"../../../Engine/Content/EngineMaterials/Substrate/Volume/SubstrateSimpleVolumeLUT3D.uexp" 949
"../../../Engine/Content/Functions/Engine_MaterialFunctions01/Shading/ConvertFromDiffSpec.uasset" 950
"../../../Engine/Content/Functions/Engine_MaterialFunctions01/Shading/ConvertFromDiffSpec.uexp" 951
"../../../Engine/Content/Functions/Engine_MaterialFunctions01/Shading/PowerToRoughness.uasset" 952
"../../../Engine/Content/Functions/Engine_MaterialFunctions01/Shading/PowerToRoughness.uexp" 953
"../../../Engine/Content/Functions/Engine_MaterialFunctions01/Gradient/LinearGradient.uasset" 954
"../../../Engine/Content/Functions/Engine_MaterialFunctions01/Gradient/LinearGradient.uexp" 955
"../../../Engine/Content/Functions/Engine_MaterialFunctions01/ImageAdjustment/CheapContrast.uasset" 956
"../../../Engine/Content/Functions/Engine_MaterialFunctions01/ImageAdjustment/CheapContrast.uexp" 957
"C:/Users/Ryan/OneDrive/Documents/GitHub/GamePrototypeTest30/MyProjectTargetGame/Content/LevelPrototyping/Textures/T_GridChecker_A.ubulk" 958
"C:/Users/Ryan/OneDrive/Documents/GitHub/GamePrototypeTest30/MyProjectTargetGame/Content/LevelPrototyping/Textures/T_GridChecker_A.uasset" 959
"C:/Users/Ryan/OneDrive/Documents/GitHub/GamePrototypeTest30/MyProjectTargetGame/Content/LevelPrototyping/Textures/T_GridChecker_A.uexp" 960
"C:/Users/Ryan/OneDrive/Documents/GitHub/GamePrototypeTest30/MyProjectTargetGame/Content/LevelPrototyping/Materials/MF_ProcGrid.uasset" 961
"C:/Users/Ryan/OneDrive/Documents/GitHub/GamePrototypeTest30/MyProjectTargetGame/Content/LevelPrototyping/Materials/MF_ProcGrid.uexp" 962
"C:/Users/Ryan/OneDrive/Documents/GitHub/GamePrototypeTest30/MyProjectTargetGame/Content/LevelPrototyping/Materials/M_PrototypeGrid.uasset" 963
"C:/Users/Ryan/OneDrive/Documents/GitHub/GamePrototypeTest30/MyProjectTargetGame/Content/LevelPrototyping/Materials/M_PrototypeGrid.uexp" 964
"C:/Users/Ryan/OneDrive/Documents/GitHub/GamePrototypeTest30/MyProjectTargetGame/Content/LevelPrototyping/Materials/MI_PrototypeGrid_TopDark.uasset" 965
"C:/Users/Ryan/OneDrive/Documents/GitHub/GamePrototypeTest30/MyProjectTargetGame/Content/LevelPrototyping/Materials/MI_PrototypeGrid_TopDark.uexp" 966
"C:/Users/Ryan/OneDrive/Documents/GitHub/GamePrototypeTest30/MyProjectTargetGame/Content/LevelPrototyping/Materials/M_FlatCol.uasset" 967
"C:/Users/Ryan/OneDrive/Documents/GitHub/GamePrototypeTest30/MyProjectTargetGame/Content/LevelPrototyping/Materials/M_FlatCol.uexp" 968
"C:/Users/Ryan/OneDrive/Documents/GitHub/GamePrototypeTest30/MyProjectTargetGame/Content/LevelPrototyping/Materials/MI_DefaultColorway.uasset" 969
"C:/Users/Ryan/OneDrive/Documents/GitHub/GamePrototypeTest30/MyProjectTargetGame/Content/LevelPrototyping/Materials/MI_DefaultColorway.uexp" 970
"C:/Users/Ryan/OneDrive/Documents/GitHub/GamePrototypeTest30/MyProjectTargetGame/Content/LevelPrototyping/Meshes/SM_ChamferCube.ubulk" 971
"C:/Users/Ryan/OneDrive/Documents/GitHub/GamePrototypeTest30/MyProjectTargetGame/Content/LevelPrototyping/Meshes/SM_ChamferCube.uasset" 972
"C:/Users/Ryan/OneDrive/Documents/GitHub/GamePrototypeTest30/MyProjectTargetGame/Content/LevelPrototyping/Meshes/SM_ChamferCube.uexp" 973
"C:/Users/Ryan/OneDrive/Documents/GitHub/GamePrototypeTest30/MyProjectTargetGame/Content/LevelPrototyping/Materials/MI_PrototypeGrid_Gray.uasset" 974
"C:/Users/Ryan/OneDrive/Documents/GitHub/GamePrototypeTest30/MyProjectTargetGame/Content/LevelPrototyping/Materials/MI_PrototypeGrid_Gray.uexp" 975
"C:/Users/Ryan/OneDrive/Documents/GitHub/GamePrototypeTest30/MyProjectTargetGame/Content/LevelPrototyping/Meshes/SM_Cube.ubulk" 976
"C:/Users/Ryan/OneDrive/Documents/GitHub/GamePrototypeTest30/MyProjectTargetGame/Content/LevelPrototyping/Meshes/SM_Cube.uasset" 977
"C:/Users/Ryan/OneDrive/Documents/GitHub/GamePrototypeTest30/MyProjectTargetGame/Content/LevelPrototyping/Meshes/SM_Cube.uexp" 978
"../../../Engine/Content/Animation/DefaultAnimBoneCompressionSettings.uasset" 979
"../../../Engine/Content/Animation/DefaultAnimBoneCompressionSettings.uexp" 980
"../../../Engine/Content/Animation/DefaultAnimCurveCompressionSettings.uasset" 981
"../../../Engine/Content/Animation/DefaultAnimCurveCompressionSettings.uexp" 982
"../../../Engine/Content/Animation/DefaultVariableFrameStrippingSettings.uasset" 983
"../../../Engine/Content/Animation/DefaultVariableFrameStrippingSettings.uexp" 984
"C:/Users/Ryan/OneDrive/Documents/GitHub/GamePrototypeTest30/MyProjectTargetGame/Content/Characters/Mannequins/Meshes/SK_Mannequin.uasset" 985
"C:/Users/Ryan/OneDrive/Documents/GitHub/GamePrototypeTest30/MyProjectTargetGame/Content/Characters/Mannequins/Meshes/SK_Mannequin.uexp" 986
"C:/Users/Ryan/OneDrive/Documents/GitHub/GamePrototypeTest30/MyProjectTargetGame/Content/Characters/Mannequins/Anims/Rifle/MM_Rifle_DryFire.uasset" 987
"C:/Users/Ryan/OneDrive/Documents/GitHub/GamePrototypeTest30/MyProjectTargetGame/Content/Characters/Mannequins/Anims/Rifle/MM_Rifle_DryFire.uexp" 988
"C:/Users/Ryan/OneDrive/Documents/GitHub/GamePrototypeTest30/MyProjectTargetGame/Content/Characters/Mannequins/Anims/Rifle/MM_Rifle_Equip.uasset" 989
"C:/Users/Ryan/OneDrive/Documents/GitHub/GamePrototypeTest30/MyProjectTargetGame/Content/Characters/Mannequins/Anims/Rifle/MM_Rifle_Equip.uexp" 990
"C:/Users/Ryan/OneDrive/Documents/GitHub/GamePrototypeTest30/MyProjectTargetGame/Content/LevelPrototyping/Meshes/SM_QuarterCylinder.ubulk" 991
"C:/Users/Ryan/OneDrive/Documents/GitHub/GamePrototypeTest30/MyProjectTargetGame/Content/LevelPrototyping/Meshes/SM_QuarterCylinder.uasset" 992
"C:/Users/Ryan/OneDrive/Documents/GitHub/GamePrototypeTest30/MyProjectTargetGame/Content/LevelPrototyping/Meshes/SM_QuarterCylinder.uexp" 993
"C:/Users/Ryan/OneDrive/Documents/GitHub/GamePrototypeTest30/MyProjectTargetGame/Content/Characters/Mannequins/Anims/Rifle/MM_Rifle_Fire.uasset" 994
"C:/Users/Ryan/OneDrive/Documents/GitHub/GamePrototypeTest30/MyProjectTargetGame/Content/Characters/Mannequins/Anims/Rifle/MM_Rifle_Fire.uexp" 995
"C:/Users/Ryan/OneDrive/Documents/GitHub/GamePrototypeTest30/MyProjectTargetGame/Content/LevelPrototyping/Meshes/SM_Ramp.ubulk" 996
"C:/Users/Ryan/OneDrive/Documents/GitHub/GamePrototypeTest30/MyProjectTargetGame/Content/LevelPrototyping/Meshes/SM_Ramp.uasset" 997
"C:/Users/Ryan/OneDrive/Documents/GitHub/GamePrototypeTest30/MyProjectTargetGame/Content/LevelPrototyping/Meshes/SM_Ramp.uexp" 998
"C:/Users/Ryan/OneDrive/Documents/GitHub/GamePrototypeTest30/MyProjectTargetGame/Content/Characters/Mannequins/Anims/Rifle/MM_Rifle_Reload.uasset" 999
"C:/Users/Ryan/OneDrive/Documents/GitHub/GamePrototypeTest30/MyProjectTargetGame/Content/Characters/Mannequins/Anims/Rifle/MM_Rifle_Reload.uexp" 1000
"C:/Users/Ryan/OneDrive/Documents/GitHub/GamePrototypeTest30/MyProjectTargetGame/Content/MSPresets/MSTextures/Albedo.ubulk" 1001
"C:/Users/Ryan/OneDrive/Documents/GitHub/GamePrototypeTest30/MyProjectTargetGame/Content/MSPresets/MSTextures/Albedo.uasset" 1002
"C:/Users/Ryan/OneDrive/Documents/GitHub/GamePrototypeTest30/MyProjectTargetGame/Content/MSPresets/MSTextures/Albedo.uexp" 1003
"C:/Users/Ryan/OneDrive/Documents/GitHub/GamePrototypeTest30/MyProjectTargetGame/Content/MSPresets/MSTextures/AlbedoVT.ubulk" 1004
"C:/Users/Ryan/OneDrive/Documents/GitHub/GamePrototypeTest30/MyProjectTargetGame/Content/MSPresets/MSTextures/AlbedoVT.uasset" 1005
"C:/Users/Ryan/OneDrive/Documents/GitHub/GamePrototypeTest30/MyProjectTargetGame/Content/MSPresets/MSTextures/AlbedoVT.uexp" 1006
"C:/Users/Ryan/OneDrive/Documents/GitHub/GamePrototypeTest30/MyProjectTargetGame/Content/MSPresets/MSTextures/AO.ubulk" 1007
"C:/Users/Ryan/OneDrive/Documents/GitHub/GamePrototypeTest30/MyProjectTargetGame/Content/MSPresets/MSTextures/AO.uasset" 1008
"C:/Users/Ryan/OneDrive/Documents/GitHub/GamePrototypeTest30/MyProjectTargetGame/Content/MSPresets/MSTextures/AO.uexp" 1009
"C:/Users/Ryan/OneDrive/Documents/GitHub/GamePrototypeTest30/MyProjectTargetGame/Content/MSPresets/MSTextures/Black.ubulk" 1010
"C:/Users/Ryan/OneDrive/Documents/GitHub/GamePrototypeTest30/MyProjectTargetGame/Content/MSPresets/MSTextures/Black.uasset" 1011
"C:/Users/Ryan/OneDrive/Documents/GitHub/GamePrototypeTest30/MyProjectTargetGame/Content/MSPresets/MSTextures/Black.uexp" 1012
"C:/Users/Ryan/OneDrive/Documents/GitHub/GamePrototypeTest30/MyProjectTargetGame/Content/MSPresets/MSTextures/BlackVT.ubulk" 1013
"C:/Users/Ryan/OneDrive/Documents/GitHub/GamePrototypeTest30/MyProjectTargetGame/Content/MSPresets/MSTextures/BlackVT.uasset" 1014
"C:/Users/Ryan/OneDrive/Documents/GitHub/GamePrototypeTest30/MyProjectTargetGame/Content/MSPresets/MSTextures/BlackVT.uexp" 1015
"C:/Users/Ryan/OneDrive/Documents/GitHub/GamePrototypeTest30/MyProjectTargetGame/Content/MSPresets/MSTextures/Displacement.ubulk" 1016
"C:/Users/Ryan/OneDrive/Documents/GitHub/GamePrototypeTest30/MyProjectTargetGame/Content/MSPresets/MSTextures/Displacement.uasset" 1017
"C:/Users/Ryan/OneDrive/Documents/GitHub/GamePrototypeTest30/MyProjectTargetGame/Content/MSPresets/MSTextures/Displacement.uexp" 1018
"C:/Users/Ryan/OneDrive/Documents/GitHub/GamePrototypeTest30/MyProjectTargetGame/Content/MSPresets/MSTextures/EmissionVT.ubulk" 1019
"C:/Users/Ryan/OneDrive/Documents/GitHub/GamePrototypeTest30/MyProjectTargetGame/Content/MSPresets/MSTextures/EmissionVT.uasset" 1020
"C:/Users/Ryan/OneDrive/Documents/GitHub/GamePrototypeTest30/MyProjectTargetGame/Content/MSPresets/MSTextures/EmissionVT.uexp" 1021
"C:/Users/Ryan/OneDrive/Documents/GitHub/GamePrototypeTest30/MyProjectTargetGame/Content/MSPresets/MSTextures/FlatNormal.uasset" 1022
"C:/Users/Ryan/OneDrive/Documents/GitHub/GamePrototypeTest30/MyProjectTargetGame/Content/MSPresets/MSTextures/FlatNormal.uexp" 1023
"C:/Users/Ryan/OneDrive/Documents/GitHub/GamePrototypeTest30/MyProjectTargetGame/Content/MSPresets/MSTextures/FlatNormalVT.ubulk" 1024
"C:/Users/Ryan/OneDrive/Documents/GitHub/GamePrototypeTest30/MyProjectTargetGame/Content/MSPresets/MSTextures/FlatNormalVT.uasset" 1025
"C:/Users/Ryan/OneDrive/Documents/GitHub/GamePrototypeTest30/MyProjectTargetGame/Content/MSPresets/MSTextures/FlatNormalVT.uexp" 1026
"C:/Users/Ryan/OneDrive/Documents/GitHub/GamePrototypeTest30/MyProjectTargetGame/Content/MSPresets/MSTextures/Metalness.ubulk" 1027
"C:/Users/Ryan/OneDrive/Documents/GitHub/GamePrototypeTest30/MyProjectTargetGame/Content/MSPresets/MSTextures/Metalness.uasset" 1028
"C:/Users/Ryan/OneDrive/Documents/GitHub/GamePrototypeTest30/MyProjectTargetGame/Content/MSPresets/MSTextures/Metalness.uexp" 1029
"C:/Users/Ryan/OneDrive/Documents/GitHub/GamePrototypeTest30/MyProjectTargetGame/Content/MSPresets/MSTextures/MetalnessVT.ubulk" 1030
"C:/Users/Ryan/OneDrive/Documents/GitHub/GamePrototypeTest30/MyProjectTargetGame/Content/MSPresets/MSTextures/MetalnessVT.uasset" 1031
"C:/Users/Ryan/OneDrive/Documents/GitHub/GamePrototypeTest30/MyProjectTargetGame/Content/MSPresets/MSTextures/MetalnessVT.uexp" 1032
"C:/Users/Ryan/OneDrive/Documents/GitHub/GamePrototypeTest30/MyProjectTargetGame/Content/MSPresets/MSTextures/noise_mask.ubulk" 1033
"C:/Users/Ryan/OneDrive/Documents/GitHub/GamePrototypeTest30/MyProjectTargetGame/Content/MSPresets/MSTextures/noise_mask.uasset" 1034
"C:/Users/Ryan/OneDrive/Documents/GitHub/GamePrototypeTest30/MyProjectTargetGame/Content/MSPresets/MSTextures/noise_mask.uexp" 1035
"C:/Users/Ryan/OneDrive/Documents/GitHub/GamePrototypeTest30/MyProjectTargetGame/Content/MSPresets/MSTextures/noise_normal.ubulk" 1036
"C:/Users/Ryan/OneDrive/Documents/GitHub/GamePrototypeTest30/MyProjectTargetGame/Content/MSPresets/MSTextures/noise_normal.uasset" 1037
"C:/Users/Ryan/OneDrive/Documents/GitHub/GamePrototypeTest30/MyProjectTargetGame/Content/MSPresets/MSTextures/noise_normal.uexp" 1038
"C:/Users/Ryan/OneDrive/Documents/GitHub/GamePrototypeTest30/MyProjectTargetGame/Content/MSPresets/MSTextures/Normal.ubulk" 1039
"C:/Users/Ryan/OneDrive/Documents/GitHub/GamePrototypeTest30/MyProjectTargetGame/Content/MSPresets/MSTextures/Normal.uasset" 1040
"C:/Users/Ryan/OneDrive/Documents/GitHub/GamePrototypeTest30/MyProjectTargetGame/Content/MSPresets/MSTextures/Normal.uexp" 1041
"C:/Users/Ryan/OneDrive/Documents/GitHub/GamePrototypeTest30/MyProjectTargetGame/Content/MSPresets/MSTextures/NormalVT.ubulk" 1042
"C:/Users/Ryan/OneDrive/Documents/GitHub/GamePrototypeTest30/MyProjectTargetGame/Content/MSPresets/MSTextures/NormalVT.uasset" 1043
"C:/Users/Ryan/OneDrive/Documents/GitHub/GamePrototypeTest30/MyProjectTargetGame/Content/MSPresets/MSTextures/NormalVT.uexp" 1044
"C:/Users/Ryan/OneDrive/Documents/GitHub/GamePrototypeTest30/MyProjectTargetGame/Content/MSPresets/MSTextures/OpacityVT.ubulk" 1045
"C:/Users/Ryan/OneDrive/Documents/GitHub/GamePrototypeTest30/MyProjectTargetGame/Content/MSPresets/MSTextures/OpacityVT.uasset" 1046
"C:/Users/Ryan/OneDrive/Documents/GitHub/GamePrototypeTest30/MyProjectTargetGame/Content/MSPresets/MSTextures/OpacityVT.uexp" 1047
"C:/Users/Ryan/OneDrive/Documents/GitHub/GamePrototypeTest30/MyProjectTargetGame/Content/Characters/Mannequins/Textures/Manny/T_Manny_02_N.ubulk" 1048
"C:/Users/Ryan/OneDrive/Documents/GitHub/GamePrototypeTest30/MyProjectTargetGame/Content/Characters/Mannequins/Textures/Manny/T_Manny_02_N.uasset" 1049
"C:/Users/Ryan/OneDrive/Documents/GitHub/GamePrototypeTest30/MyProjectTargetGame/Content/Characters/Mannequins/Textures/Manny/T_Manny_02_N.uexp" 1050
"C:/Users/Ryan/OneDrive/Documents/GitHub/GamePrototypeTest30/MyProjectTargetGame/Content/MSPresets/MSTextures/Roughness.ubulk" 1051
"C:/Users/Ryan/OneDrive/Documents/GitHub/GamePrototypeTest30/MyProjectTargetGame/Content/MSPresets/MSTextures/Roughness.uasset" 1052
"C:/Users/Ryan/OneDrive/Documents/GitHub/GamePrototypeTest30/MyProjectTargetGame/Content/MSPresets/MSTextures/Roughness.uexp" 1053
"../../../Engine/Plugins/Animation/ACLPlugin/Content/ACLAnimBoneCompressionSettings.uasset" 1054
"../../../Engine/Plugins/Animation/ACLPlugin/Content/ACLAnimBoneCompressionSettings.uexp" 1055
"../../../Engine/Plugins/Animation/ACLPlugin/Content/ACLAnimCurveCompressionSettings.uasset" 1056
"../../../Engine/Plugins/Animation/ACLPlugin/Content/ACLAnimCurveCompressionSettings.uexp" 1057
"C:/Users/Ryan/OneDrive/Documents/GitHub/GamePrototypeTest30/MyProjectTargetGame/Content/Characters/Mannequins/Anims/Unarmed/Jump/MM_Dash.uasset" 1058
"C:/Users/Ryan/OneDrive/Documents/GitHub/GamePrototypeTest30/MyProjectTargetGame/Content/Characters/Mannequins/Anims/Unarmed/Jump/MM_Dash.uexp" 1059
"C:/Users/Ryan/OneDrive/Documents/GitHub/GamePrototypeTest30/MyProjectTargetGame/Content/MSPresets/MSTextures/RoughnessVT.ubulk" 1060
"C:/Users/Ryan/OneDrive/Documents/GitHub/GamePrototypeTest30/MyProjectTargetGame/Content/MSPresets/MSTextures/RoughnessVT.uasset" 1061
"C:/Users/Ryan/OneDrive/Documents/GitHub/GamePrototypeTest30/MyProjectTargetGame/Content/MSPresets/MSTextures/RoughnessVT.uexp" 1062
"C:/Users/Ryan/OneDrive/Documents/GitHub/GamePrototypeTest30/MyProjectTargetGame/Content/MSPresets/MSTextures/SpecularVT.ubulk" 1063
"C:/Users/Ryan/OneDrive/Documents/GitHub/GamePrototypeTest30/MyProjectTargetGame/Content/MSPresets/MSTextures/SpecularVT.uasset" 1064
"C:/Users/Ryan/OneDrive/Documents/GitHub/GamePrototypeTest30/MyProjectTargetGame/Content/MSPresets/MSTextures/SpecularVT.uexp" 1065
"C:/Users/Ryan/OneDrive/Documents/GitHub/GamePrototypeTest30/MyProjectTargetGame/Content/MSPresets/MSTextures/White.ubulk" 1066
"C:/Users/Ryan/OneDrive/Documents/GitHub/GamePrototypeTest30/MyProjectTargetGame/Content/MSPresets/MSTextures/White.uasset" 1067
"C:/Users/Ryan/OneDrive/Documents/GitHub/GamePrototypeTest30/MyProjectTargetGame/Content/MSPresets/MSTextures/White.uexp" 1068
"C:/Users/Ryan/OneDrive/Documents/GitHub/GamePrototypeTest30/MyProjectTargetGame/Content/MSPresets/MSTextures/WhiteVT.ubulk" 1069
"C:/Users/Ryan/OneDrive/Documents/GitHub/GamePrototypeTest30/MyProjectTargetGame/Content/MSPresets/MSTextures/WhiteVT.uasset" 1070
"C:/Users/Ryan/OneDrive/Documents/GitHub/GamePrototypeTest30/MyProjectTargetGame/Content/MSPresets/MSTextures/WhiteVT.uexp" 1071
"C:/Users/Ryan/OneDrive/Documents/GitHub/GamePrototypeTest30/MyProjectTargetGame/Content/MSPresets/MS_DefaultTextures/T_Alpha_Black_VT.ubulk" 1072
"C:/Users/Ryan/OneDrive/Documents/GitHub/GamePrototypeTest30/MyProjectTargetGame/Content/MSPresets/MS_DefaultTextures/T_Alpha_Black_VT.uasset" 1073
"C:/Users/Ryan/OneDrive/Documents/GitHub/GamePrototypeTest30/MyProjectTargetGame/Content/MSPresets/MS_DefaultTextures/T_Alpha_Black_VT.uexp" 1074
"../../../Engine/Content/Animation/DefaultRecorderBoneCompression.uasset" 1075
"../../../Engine/Content/Animation/DefaultRecorderBoneCompression.uexp" 1076
"C:/Users/Ryan/OneDrive/Documents/GitHub/GamePrototypeTest30/MyProjectTargetGame/Content/Characters/Mannequins/Anims/Unarmed/Jump/MM_WallJump.uasset" 1077
"C:/Users/Ryan/OneDrive/Documents/GitHub/GamePrototypeTest30/MyProjectTargetGame/Content/Characters/Mannequins/Anims/Unarmed/Jump/MM_WallJump.uexp" 1078
"C:/Users/Ryan/OneDrive/Documents/GitHub/GamePrototypeTest30/MyProjectTargetGame/Content/MSPresets/MS_DefaultTextures/T_Alpha_Grey_VT.ubulk" 1079
"C:/Users/Ryan/OneDrive/Documents/GitHub/GamePrototypeTest30/MyProjectTargetGame/Content/MSPresets/MS_DefaultTextures/T_Alpha_Grey_VT.uasset" 1080
"C:/Users/Ryan/OneDrive/Documents/GitHub/GamePrototypeTest30/MyProjectTargetGame/Content/MSPresets/MS_DefaultTextures/T_Alpha_Grey_VT.uexp" 1081
"C:/Users/Ryan/OneDrive/Documents/GitHub/GamePrototypeTest30/MyProjectTargetGame/Content/MSPresets/MS_DefaultTextures/T_Alpha_White.ubulk" 1082
"C:/Users/Ryan/OneDrive/Documents/GitHub/GamePrototypeTest30/MyProjectTargetGame/Content/MSPresets/MS_DefaultTextures/T_Alpha_White.uasset" 1083
"C:/Users/Ryan/OneDrive/Documents/GitHub/GamePrototypeTest30/MyProjectTargetGame/Content/MSPresets/MS_DefaultTextures/T_Alpha_White.uexp" 1084
"C:/Users/Ryan/OneDrive/Documents/GitHub/GamePrototypeTest30/MyProjectTargetGame/Content/MSPresets/MS_DefaultTextures/T_Alpha_White_VT.ubulk" 1085
"C:/Users/Ryan/OneDrive/Documents/GitHub/GamePrototypeTest30/MyProjectTargetGame/Content/MSPresets/MS_DefaultTextures/T_Alpha_White_VT.uasset" 1086
"C:/Users/Ryan/OneDrive/Documents/GitHub/GamePrototypeTest30/MyProjectTargetGame/Content/MSPresets/MS_DefaultTextures/T_Alpha_White_VT.uexp" 1087
"C:/Users/Ryan/OneDrive/Documents/GitHub/GamePrototypeTest30/MyProjectTargetGame/Content/MSPresets/MS_DefaultTextures/T_Masks_RM.ubulk" 1088
"C:/Users/Ryan/OneDrive/Documents/GitHub/GamePrototypeTest30/MyProjectTargetGame/Content/MSPresets/MS_DefaultTextures/T_Masks_RM.uasset" 1089
"C:/Users/Ryan/OneDrive/Documents/GitHub/GamePrototypeTest30/MyProjectTargetGame/Content/MSPresets/MS_DefaultTextures/T_Masks_RM.uexp" 1090
"C:/Users/Ryan/OneDrive/Documents/GitHub/GamePrototypeTest30/MyProjectTargetGame/Content/MSPresets/MS_DefaultTextures/T_Masks_RM_VT.ubulk" 1091
"C:/Users/Ryan/OneDrive/Documents/GitHub/GamePrototypeTest30/MyProjectTargetGame/Content/MSPresets/MS_DefaultTextures/T_Masks_RM_VT.uasset" 1092
"C:/Users/Ryan/OneDrive/Documents/GitHub/GamePrototypeTest30/MyProjectTargetGame/Content/MSPresets/MS_DefaultTextures/T_Masks_RM_VT.uexp" 1093
"C:/Users/Ryan/OneDrive/Documents/GitHub/GamePrototypeTest30/MyProjectTargetGame/Content/VaultCache/FabLibrary/Perfect_Football___Soccer_ball-441356e0/gltf/thumbnail.uasset" 1094
"C:/Users/Ryan/OneDrive/Documents/GitHub/GamePrototypeTest30/MyProjectTargetGame/Content/VaultCache/FabLibrary/Perfect_Football___Soccer_ball-441356e0/gltf/thumbnail.uexp" 1095
"C:/Users/Ryan/OneDrive/Documents/GitHub/GamePrototypeTest30/MyProjectTargetGame/Content/MSPresets/MS_DefaultTextures/T_Normal_VT.ubulk" 1096
"C:/Users/Ryan/OneDrive/Documents/GitHub/GamePrototypeTest30/MyProjectTargetGame/Content/MSPresets/MS_DefaultTextures/T_Normal_VT.uasset" 1097
"C:/Users/Ryan/OneDrive/Documents/GitHub/GamePrototypeTest30/MyProjectTargetGame/Content/MSPresets/MS_DefaultTextures/T_Normal_VT.uexp" 1098
"C:/Users/Ryan/OneDrive/Documents/GitHub/GamePrototypeTest30/MyProjectTargetGame/Content/Characters/Mannequins/Anims/Pistol/MF_Pistol_Idle_ADS.uasset" 1099
"C:/Users/Ryan/OneDrive/Documents/GitHub/GamePrototypeTest30/MyProjectTargetGame/Content/Characters/Mannequins/Anims/Pistol/MF_Pistol_Idle_ADS.uexp" 1100
"C:/Users/Ryan/OneDrive/Documents/GitHub/GamePrototypeTest30/MyProjectTargetGame/Content/Characters/Mannequins/Anims/Pistol/Aim/MF_Pistol_Idle_ADS1.uasset" 1101
"C:/Users/Ryan/OneDrive/Documents/GitHub/GamePrototypeTest30/MyProjectTargetGame/Content/Characters/Mannequins/Anims/Pistol/Aim/MF_Pistol_Idle_ADS1.uexp" 1102
"C:/Users/Ryan/OneDrive/Documents/GitHub/GamePrototypeTest30/MyProjectTargetGame/Content/Characters/Mannequins/Anims/Pistol/Aim/MF_Pistol_Idle_ADS_AO_CD.uasset" 1103
"C:/Users/Ryan/OneDrive/Documents/GitHub/GamePrototypeTest30/MyProjectTargetGame/Content/Characters/Mannequins/Anims/Pistol/Aim/MF_Pistol_Idle_ADS_AO_CD.uexp" 1104
"C:/Users/Ryan/OneDrive/Documents/GitHub/GamePrototypeTest30/MyProjectTargetGame/Content/Characters/Mannequins/Anims/Pistol/Aim/MF_Pistol_Idle_ADS_AO_CU.uasset" 1105
"C:/Users/Ryan/OneDrive/Documents/GitHub/GamePrototypeTest30/MyProjectTargetGame/Content/Characters/Mannequins/Anims/Pistol/Aim/MF_Pistol_Idle_ADS_AO_CU.uexp" 1106
"C:/Users/Ryan/OneDrive/Documents/GitHub/GamePrototypeTest30/MyProjectTargetGame/Content/Characters/Mannequins/Anims/Pistol/Aim/AO_Pistol.uasset" 1107
"C:/Users/Ryan/OneDrive/Documents/GitHub/GamePrototypeTest30/MyProjectTargetGame/Content/Characters/Mannequins/Anims/Pistol/Aim/AO_Pistol.uexp" 1108
"C:/Users/Ryan/OneDrive/Documents/GitHub/GamePrototypeTest30/MyProjectTargetGame/Content/MSPresets/MS_DefaultTextures/T_srgb_Black_VT.ubulk" 1109
"C:/Users/Ryan/OneDrive/Documents/GitHub/GamePrototypeTest30/MyProjectTargetGame/Content/MSPresets/MS_DefaultTextures/T_srgb_Black_VT.uasset" 1110
"C:/Users/Ryan/OneDrive/Documents/GitHub/GamePrototypeTest30/MyProjectTargetGame/Content/MSPresets/MS_DefaultTextures/T_srgb_Black_VT.uexp" 1111
"C:/Users/Ryan/OneDrive/Documents/GitHub/GamePrototypeTest30/MyProjectTargetGame/Content/MSPresets/MS_DefaultTextures/T_srgb_White.ubulk" 1112
"C:/Users/Ryan/OneDrive/Documents/GitHub/GamePrototypeTest30/MyProjectTargetGame/Content/MSPresets/MS_DefaultTextures/T_srgb_White.uasset" 1113
"C:/Users/Ryan/OneDrive/Documents/GitHub/GamePrototypeTest30/MyProjectTargetGame/Content/MSPresets/MS_DefaultTextures/T_srgb_White.uexp" 1114
"C:/Users/Ryan/OneDrive/Documents/GitHub/GamePrototypeTest30/MyProjectTargetGame/Content/MSPresets/MS_DefaultTextures/T_srgb_White_VT.ubulk" 1115
"C:/Users/Ryan/OneDrive/Documents/GitHub/GamePrototypeTest30/MyProjectTargetGame/Content/MSPresets/MS_DefaultTextures/T_srgb_White_VT.uasset" 1116
"C:/Users/Ryan/OneDrive/Documents/GitHub/GamePrototypeTest30/MyProjectTargetGame/Content/MSPresets/MS_DefaultTextures/T_srgb_White_VT.uexp" 1117
"C:/Users/Ryan/OneDrive/Documents/GitHub/GamePrototypeTest30/MyProjectTargetGame/Content/Characters/Mannequins/Rigs/PA_Mannequin.uasset" 1118
"C:/Users/Ryan/OneDrive/Documents/GitHub/GamePrototypeTest30/MyProjectTargetGame/Content/Characters/Mannequins/Rigs/PA_Mannequin.uexp" 1119
"C:/Users/Ryan/OneDrive/Documents/GitHub/GamePrototypeTest30/MyProjectTargetGame/Content/Characters/Mannequins/Textures/Manny/T_Manny_01_BN.ubulk" 1120
"C:/Users/Ryan/OneDrive/Documents/GitHub/GamePrototypeTest30/MyProjectTargetGame/Content/Characters/Mannequins/Textures/Manny/T_Manny_01_BN.uasset" 1121
"C:/Users/Ryan/OneDrive/Documents/GitHub/GamePrototypeTest30/MyProjectTargetGame/Content/Characters/Mannequins/Textures/Manny/T_Manny_01_BN.uexp" 1122
"C:/Users/Ryan/OneDrive/Documents/GitHub/GamePrototypeTest30/MyProjectTargetGame/Content/Characters/Mannequins/Textures/Manny/T_Manny_01_D.ubulk" 1123
"C:/Users/Ryan/OneDrive/Documents/GitHub/GamePrototypeTest30/MyProjectTargetGame/Content/Characters/Mannequins/Textures/Manny/T_Manny_01_D.uasset" 1124
"C:/Users/Ryan/OneDrive/Documents/GitHub/GamePrototypeTest30/MyProjectTargetGame/Content/Characters/Mannequins/Textures/Manny/T_Manny_01_D.uexp" 1125
"C:/Users/Ryan/OneDrive/Documents/GitHub/GamePrototypeTest30/MyProjectTargetGame/Content/Characters/Mannequins/Textures/Manny/T_Manny_01_MRA.ubulk" 1126
"C:/Users/Ryan/OneDrive/Documents/GitHub/GamePrototypeTest30/MyProjectTargetGame/Content/Characters/Mannequins/Textures/Manny/T_Manny_01_MRA.uasset" 1127
"C:/Users/Ryan/OneDrive/Documents/GitHub/GamePrototypeTest30/MyProjectTargetGame/Content/Characters/Mannequins/Textures/Manny/T_Manny_01_MRA.uexp" 1128
"C:/Users/Ryan/OneDrive/Documents/GitHub/GamePrototypeTest30/MyProjectTargetGame/Content/Characters/Mannequins/Textures/Shared/T_UE_Logo_M.uasset" 1129
"C:/Users/Ryan/OneDrive/Documents/GitHub/GamePrototypeTest30/MyProjectTargetGame/Content/Characters/Mannequins/Textures/Shared/T_UE_Logo_M.uexp" 1130
"C:/Users/Ryan/OneDrive/Documents/GitHub/GamePrototypeTest30/MyProjectTargetGame/Content/Characters/Mannequins/Materials/M_Mannequin.uasset" 1131
"C:/Users/Ryan/OneDrive/Documents/GitHub/GamePrototypeTest30/MyProjectTargetGame/Content/Characters/Mannequins/Materials/M_Mannequin.uexp" 1132
"C:/Users/Ryan/OneDrive/Documents/GitHub/GamePrototypeTest30/MyProjectTargetGame/Content/Characters/Mannequins/Textures/Quinn/T_Quinn_01_D.ubulk" 1133
"C:/Users/Ryan/OneDrive/Documents/GitHub/GamePrototypeTest30/MyProjectTargetGame/Content/Characters/Mannequins/Textures/Quinn/T_Quinn_01_D.uasset" 1134
"C:/Users/Ryan/OneDrive/Documents/GitHub/GamePrototypeTest30/MyProjectTargetGame/Content/Characters/Mannequins/Textures/Quinn/T_Quinn_01_D.uexp" 1135
"C:/Users/Ryan/OneDrive/Documents/GitHub/GamePrototypeTest30/MyProjectTargetGame/Content/Characters/Mannequins/Textures/Quinn/T_Quinn_01_MRA.ubulk" 1136
"C:/Users/Ryan/OneDrive/Documents/GitHub/GamePrototypeTest30/MyProjectTargetGame/Content/Characters/Mannequins/Textures/Quinn/T_Quinn_01_MRA.uasset" 1137
"C:/Users/Ryan/OneDrive/Documents/GitHub/GamePrototypeTest30/MyProjectTargetGame/Content/Characters/Mannequins/Textures/Quinn/T_Quinn_01_MRA.uexp" 1138
"C:/Users/Ryan/OneDrive/Documents/GitHub/GamePrototypeTest30/MyProjectTargetGame/Content/Characters/Mannequins/Textures/Quinn/T_Quinn_01_N.ubulk" 1139
"C:/Users/Ryan/OneDrive/Documents/GitHub/GamePrototypeTest30/MyProjectTargetGame/Content/Characters/Mannequins/Textures/Quinn/T_Quinn_01_N.uasset" 1140
"C:/Users/Ryan/OneDrive/Documents/GitHub/GamePrototypeTest30/MyProjectTargetGame/Content/Characters/Mannequins/Textures/Quinn/T_Quinn_01_N.uexp" 1141
"C:/Users/Ryan/OneDrive/Documents/GitHub/GamePrototypeTest30/MyProjectTargetGame/Content/Characters/Mannequins/Materials/Quinn/MI_Quinn_01.uasset" 1142
"C:/Users/Ryan/OneDrive/Documents/GitHub/GamePrototypeTest30/MyProjectTargetGame/Content/Characters/Mannequins/Materials/Quinn/MI_Quinn_01.uexp" 1143
"C:/Users/Ryan/OneDrive/Documents/GitHub/GamePrototypeTest30/MyProjectTargetGame/Content/Characters/Mannequins/Textures/Quinn/T_Quinn_02_D.ubulk" 1144
"C:/Users/Ryan/OneDrive/Documents/GitHub/GamePrototypeTest30/MyProjectTargetGame/Content/Characters/Mannequins/Textures/Quinn/T_Quinn_02_D.uasset" 1145
"C:/Users/Ryan/OneDrive/Documents/GitHub/GamePrototypeTest30/MyProjectTargetGame/Content/Characters/Mannequins/Textures/Quinn/T_Quinn_02_D.uexp" 1146
"C:/Users/Ryan/OneDrive/Documents/GitHub/GamePrototypeTest30/MyProjectTargetGame/Content/Characters/Mannequins/Textures/Quinn/T_Quinn_02_MRA.ubulk" 1147
"C:/Users/Ryan/OneDrive/Documents/GitHub/GamePrototypeTest30/MyProjectTargetGame/Content/Characters/Mannequins/Textures/Quinn/T_Quinn_02_MRA.uasset" 1148
"C:/Users/Ryan/OneDrive/Documents/GitHub/GamePrototypeTest30/MyProjectTargetGame/Content/Characters/Mannequins/Textures/Quinn/T_Quinn_02_MRA.uexp" 1149
"C:/Users/Ryan/OneDrive/Documents/GitHub/GamePrototypeTest30/MyProjectTargetGame/Content/Characters/Mannequins/Textures/Quinn/T_Quinn_02_N.ubulk" 1150
"C:/Users/Ryan/OneDrive/Documents/GitHub/GamePrototypeTest30/MyProjectTargetGame/Content/Characters/Mannequins/Textures/Quinn/T_Quinn_02_N.uasset" 1151
"C:/Users/Ryan/OneDrive/Documents/GitHub/GamePrototypeTest30/MyProjectTargetGame/Content/Characters/Mannequins/Textures/Quinn/T_Quinn_02_N.uexp" 1152
"C:/Users/Ryan/OneDrive/Documents/GitHub/GamePrototypeTest30/MyProjectTargetGame/Content/Characters/Mannequins/Materials/Quinn/MI_Quinn_02.uasset" 1153
"C:/Users/Ryan/OneDrive/Documents/GitHub/GamePrototypeTest30/MyProjectTargetGame/Content/Characters/Mannequins/Materials/Quinn/MI_Quinn_02.uexp" 1154
"C:/Users/Ryan/OneDrive/Documents/GitHub/GamePrototypeTest30/MyProjectTargetGame/Content/Characters/Mannequins/Meshes/SKM_Quinn_Simple.uasset" 1155
"C:/Users/Ryan/OneDrive/Documents/GitHub/GamePrototypeTest30/MyProjectTargetGame/Content/Characters/Mannequins/Meshes/SKM_Quinn_Simple.uexp" 1156
"C:/Users/Ryan/OneDrive/Documents/GitHub/GamePrototypeTest30/MyProjectTargetGame/Content/Characters/Mannequins/Anims/Pistol/Jog/MF_Pistol_Jog_Bwd.uasset" 1157
"C:/Users/Ryan/OneDrive/Documents/GitHub/GamePrototypeTest30/MyProjectTargetGame/Content/Characters/Mannequins/Anims/Pistol/Jog/MF_Pistol_Jog_Bwd.uexp" 1158
"../../../Engine/Content/BasicShapes/Sphere.ubulk" 1159
"../../../Engine/Content/BasicShapes/Sphere.uasset" 1160
"../../../Engine/Content/BasicShapes/Sphere.uexp" 1161
"C:/Users/Ryan/OneDrive/Documents/GitHub/GamePrototypeTest30/MyProjectTargetGame/Content/Materials/Football.uasset" 1162
"C:/Users/Ryan/OneDrive/Documents/GitHub/GamePrototypeTest30/MyProjectTargetGame/Content/Materials/Football.uexp" 1163
"C:/Users/Ryan/OneDrive/Documents/GitHub/GamePrototypeTest30/MyProjectTargetGame/Content/Materials/M_FootballColour.uasset" 1164
"C:/Users/Ryan/OneDrive/Documents/GitHub/GamePrototypeTest30/MyProjectTargetGame/Content/Materials/M_FootballColour.uexp" 1165
"C:/Users/Ryan/OneDrive/Documents/GitHub/GamePrototypeTest30/MyProjectTargetGame/Content/Materials/PM_Football.uasset" 1166
"C:/Users/Ryan/OneDrive/Documents/GitHub/GamePrototypeTest30/MyProjectTargetGame/Content/Materials/PM_Football.uexp" 1167
"C:/Users/Ryan/OneDrive/Documents/GitHub/GamePrototypeTest30/MyProjectTargetGame/Content/BluePrintClasses/BP_Football.uasset" 1168
"C:/Users/Ryan/OneDrive/Documents/GitHub/GamePrototypeTest30/MyProjectTargetGame/Content/BluePrintClasses/BP_Football.uexp" 1169
"C:/Users/Ryan/OneDrive/Documents/GitHub/GamePrototypeTest30/MyProjectTargetGame/Content/Materials/127894151_1419963272-ezgif_com-webp-to-jpg-converter.uasset" 1170
"C:/Users/Ryan/OneDrive/Documents/GitHub/GamePrototypeTest30/MyProjectTargetGame/Content/Materials/127894151_1419963272-ezgif_com-webp-to-jpg-converter.uexp" 1171
"C:/Users/Ryan/OneDrive/Documents/GitHub/GamePrototypeTest30/MyProjectTargetGame/Content/Materials/LevelCompleteScreen.uasset" 1172
"C:/Users/Ryan/OneDrive/Documents/GitHub/GamePrototypeTest30/MyProjectTargetGame/Content/Materials/LevelCompleteScreen.uexp" 1173
"C:/Users/Ryan/OneDrive/Documents/GitHub/GamePrototypeTest30/MyProjectTargetGame/Content/UI/WB_PlayerHUD.uasset" 1174
"C:/Users/Ryan/OneDrive/Documents/GitHub/GamePrototypeTest30/MyProjectTargetGame/Content/UI/WB_PlayerHUD.uexp" 1175
"../../../Engine/Plugins/Animation/ControlRig/Content/Controls/DefaultGizmoLibraryNormalized.uasset" 1176
"../../../Engine/Plugins/Animation/ControlRig/Content/Controls/DefaultGizmoLibraryNormalized.uexp" 1177
"C:/Users/Ryan/OneDrive/Documents/GitHub/GamePrototypeTest30/MyProjectTargetGame/Content/Characters/Mannequins/Rigs/CR_Mannequin_FootIK.uasset" 1178
"C:/Users/Ryan/OneDrive/Documents/GitHub/GamePrototypeTest30/MyProjectTargetGame/Content/Characters/Mannequins/Rigs/CR_Mannequin_FootIK.uexp" 1179
"C:/Users/Ryan/OneDrive/Documents/GitHub/GamePrototypeTest30/MyProjectTargetGame/Content/Characters/Mannequins/Anims/Unarmed/MM_Idle.uasset" 1180
"C:/Users/Ryan/OneDrive/Documents/GitHub/GamePrototypeTest30/MyProjectTargetGame/Content/Characters/Mannequins/Anims/Unarmed/MM_Idle.uexp" 1181
"C:/Users/Ryan/OneDrive/Documents/GitHub/GamePrototypeTest30/MyProjectTargetGame/Content/Characters/Mannequins/Anims/Unarmed/Jog/MF_Unarmed_Jog_Bwd.uasset" 1182
"C:/Users/Ryan/OneDrive/Documents/GitHub/GamePrototypeTest30/MyProjectTargetGame/Content/Characters/Mannequins/Anims/Unarmed/Jog/MF_Unarmed_Jog_Bwd.uexp" 1183
"C:/Users/Ryan/OneDrive/Documents/GitHub/GamePrototypeTest30/MyProjectTargetGame/Content/Characters/Mannequins/Anims/Unarmed/Jog/MF_Unarmed_Jog_Bwd_Left.uasset" 1184
"C:/Users/Ryan/OneDrive/Documents/GitHub/GamePrototypeTest30/MyProjectTargetGame/Content/Characters/Mannequins/Anims/Unarmed/Jog/MF_Unarmed_Jog_Bwd_Left.uexp" 1185
"C:/Users/Ryan/OneDrive/Documents/GitHub/GamePrototypeTest30/MyProjectTargetGame/Content/Characters/Mannequins/Anims/Unarmed/Jog/MF_Unarmed_Jog_Bwd_Right.uasset" 1186
"C:/Users/Ryan/OneDrive/Documents/GitHub/GamePrototypeTest30/MyProjectTargetGame/Content/Characters/Mannequins/Anims/Unarmed/Jog/MF_Unarmed_Jog_Bwd_Right.uexp" 1187
"C:/Users/Ryan/OneDrive/Documents/GitHub/GamePrototypeTest30/MyProjectTargetGame/Content/Characters/Mannequins/Anims/Unarmed/Jog/MF_Unarmed_Jog_Fwd.uasset" 1188
"C:/Users/Ryan/OneDrive/Documents/GitHub/GamePrototypeTest30/MyProjectTargetGame/Content/Characters/Mannequins/Anims/Unarmed/Jog/MF_Unarmed_Jog_Fwd.uexp" 1189
"C:/Users/Ryan/OneDrive/Documents/GitHub/GamePrototypeTest30/MyProjectTargetGame/Content/Characters/Mannequins/Anims/Unarmed/Jog/MF_Unarmed_Jog_Fwd_Left.uasset" 1190
"C:/Users/Ryan/OneDrive/Documents/GitHub/GamePrototypeTest30/MyProjectTargetGame/Content/Characters/Mannequins/Anims/Unarmed/Jog/MF_Unarmed_Jog_Fwd_Left.uexp" 1191
"C:/Users/Ryan/OneDrive/Documents/GitHub/GamePrototypeTest30/MyProjectTargetGame/Content/Characters/Mannequins/Anims/Unarmed/Jog/MF_Unarmed_Jog_Fwd_Right.uasset" 1192
"C:/Users/Ryan/OneDrive/Documents/GitHub/GamePrototypeTest30/MyProjectTargetGame/Content/Characters/Mannequins/Anims/Unarmed/Jog/MF_Unarmed_Jog_Fwd_Right.uexp" 1193
"C:/Users/Ryan/OneDrive/Documents/GitHub/GamePrototypeTest30/MyProjectTargetGame/Content/Characters/Mannequins/Anims/Unarmed/Jog/MF_Unarmed_Jog_Left.uasset" 1194
"C:/Users/Ryan/OneDrive/Documents/GitHub/GamePrototypeTest30/MyProjectTargetGame/Content/Characters/Mannequins/Anims/Unarmed/Jog/MF_Unarmed_Jog_Left.uexp" 1195
"C:/Users/Ryan/OneDrive/Documents/GitHub/GamePrototypeTest30/MyProjectTargetGame/Content/Characters/Mannequins/Anims/Unarmed/Jog/MF_Unarmed_Jog_Right.uasset" 1196
"C:/Users/Ryan/OneDrive/Documents/GitHub/GamePrototypeTest30/MyProjectTargetGame/Content/Characters/Mannequins/Anims/Unarmed/Jog/MF_Unarmed_Jog_Right.uexp" 1197
"C:/Users/Ryan/OneDrive/Documents/GitHub/GamePrototypeTest30/MyProjectTargetGame/Content/Characters/Mannequins/Anims/Unarmed/Walk/MF_Unarmed_Walk_Bwd.uasset" 1198
"C:/Users/Ryan/OneDrive/Documents/GitHub/GamePrototypeTest30/MyProjectTargetGame/Content/Characters/Mannequins/Anims/Unarmed/Walk/MF_Unarmed_Walk_Bwd.uexp" 1199
"C:/Users/Ryan/OneDrive/Documents/GitHub/GamePrototypeTest30/MyProjectTargetGame/Content/Characters/Mannequins/Anims/Unarmed/Walk/MF_Unarmed_Walk_Bwd_Left.uasset" 1200
"C:/Users/Ryan/OneDrive/Documents/GitHub/GamePrototypeTest30/MyProjectTargetGame/Content/Characters/Mannequins/Anims/Unarmed/Walk/MF_Unarmed_Walk_Bwd_Left.uexp" 1201
"C:/Users/Ryan/OneDrive/Documents/GitHub/GamePrototypeTest30/MyProjectTargetGame/Content/Characters/Mannequins/Anims/Unarmed/Walk/MF_Unarmed_Walk_Bwd_Right.uasset" 1202
"C:/Users/Ryan/OneDrive/Documents/GitHub/GamePrototypeTest30/MyProjectTargetGame/Content/Characters/Mannequins/Anims/Unarmed/Walk/MF_Unarmed_Walk_Bwd_Right.uexp" 1203
"C:/Users/Ryan/OneDrive/Documents/GitHub/GamePrototypeTest30/MyProjectTargetGame/Content/Characters/Mannequins/Anims/Unarmed/Walk/MF_Unarmed_Walk_Fwd.uasset" 1204
"C:/Users/Ryan/OneDrive/Documents/GitHub/GamePrototypeTest30/MyProjectTargetGame/Content/Characters/Mannequins/Anims/Unarmed/Walk/MF_Unarmed_Walk_Fwd.uexp" 1205
"C:/Users/Ryan/OneDrive/Documents/GitHub/GamePrototypeTest30/MyProjectTargetGame/Content/Characters/Mannequins/Anims/Unarmed/Walk/MF_Unarmed_Walk_Fwd_Left.uasset" 1206
"C:/Users/Ryan/OneDrive/Documents/GitHub/GamePrototypeTest30/MyProjectTargetGame/Content/Characters/Mannequins/Anims/Unarmed/Walk/MF_Unarmed_Walk_Fwd_Left.uexp" 1207
"C:/Users/Ryan/OneDrive/Documents/GitHub/GamePrototypeTest30/MyProjectTargetGame/Content/Characters/Mannequins/Anims/Unarmed/Walk/MF_Unarmed_Walk_Fwd_Right.uasset" 1208
"C:/Users/Ryan/OneDrive/Documents/GitHub/GamePrototypeTest30/MyProjectTargetGame/Content/Characters/Mannequins/Anims/Unarmed/Walk/MF_Unarmed_Walk_Fwd_Right.uexp" 1209
"C:/Users/Ryan/OneDrive/Documents/GitHub/GamePrototypeTest30/MyProjectTargetGame/Content/Characters/Mannequins/Anims/Unarmed/Walk/MF_Unarmed_Walk_Left.uasset" 1210
"C:/Users/Ryan/OneDrive/Documents/GitHub/GamePrototypeTest30/MyProjectTargetGame/Content/Characters/Mannequins/Anims/Unarmed/Walk/MF_Unarmed_Walk_Left.uexp" 1211
"C:/Users/Ryan/OneDrive/Documents/GitHub/GamePrototypeTest30/MyProjectTargetGame/Content/Characters/Mannequins/Anims/Unarmed/Walk/MF_Unarmed_Walk_Right.uasset" 1212
"C:/Users/Ryan/OneDrive/Documents/GitHub/GamePrototypeTest30/MyProjectTargetGame/Content/Characters/Mannequins/Anims/Unarmed/Walk/MF_Unarmed_Walk_Right.uexp" 1213
"C:/Users/Ryan/OneDrive/Documents/GitHub/GamePrototypeTest30/MyProjectTargetGame/Content/Characters/Mannequins/Anims/Unarmed/BS_Idle_Walk_Run.uasset" 1214
"C:/Users/Ryan/OneDrive/Documents/GitHub/GamePrototypeTest30/MyProjectTargetGame/Content/Characters/Mannequins/Anims/Unarmed/BS_Idle_Walk_Run.uexp" 1215
"C:/Users/Ryan/OneDrive/Documents/GitHub/GamePrototypeTest30/MyProjectTargetGame/Content/Characters/Mannequins/Anims/Unarmed/Jump/MM_Fall_Loop.uasset" 1216
"C:/Users/Ryan/OneDrive/Documents/GitHub/GamePrototypeTest30/MyProjectTargetGame/Content/Characters/Mannequins/Anims/Unarmed/Jump/MM_Fall_Loop.uexp" 1217
"C:/Users/Ryan/OneDrive/Documents/GitHub/GamePrototypeTest30/MyProjectTargetGame/Content/Characters/Mannequins/Anims/Unarmed/Jump/MM_Jump.uasset" 1218
"C:/Users/Ryan/OneDrive/Documents/GitHub/GamePrototypeTest30/MyProjectTargetGame/Content/Characters/Mannequins/Anims/Unarmed/Jump/MM_Jump.uexp" 1219
"C:/Users/Ryan/OneDrive/Documents/GitHub/GamePrototypeTest30/MyProjectTargetGame/Content/Characters/Mannequins/Anims/Unarmed/Jump/MM_Land.uasset" 1220
"C:/Users/Ryan/OneDrive/Documents/GitHub/GamePrototypeTest30/MyProjectTargetGame/Content/Characters/Mannequins/Anims/Unarmed/Jump/MM_Land.uexp" 1221
"C:/Users/Ryan/OneDrive/Documents/GitHub/GamePrototypeTest30/MyProjectTargetGame/Content/Characters/Mannequins/Anims/Unarmed/ABP_Unarmed.uasset" 1222
"C:/Users/Ryan/OneDrive/Documents/GitHub/GamePrototypeTest30/MyProjectTargetGame/Content/Characters/Mannequins/Anims/Unarmed/ABP_Unarmed.uexp" 1223
"C:/Users/Ryan/OneDrive/Documents/GitHub/GamePrototypeTest30/MyProjectTargetGame/Content/Characters/Mannequins/Materials/Manny/MI_Manny_01_New.uasset" 1224
"C:/Users/Ryan/OneDrive/Documents/GitHub/GamePrototypeTest30/MyProjectTargetGame/Content/Characters/Mannequins/Materials/Manny/MI_Manny_01_New.uexp" 1225
"C:/Users/Ryan/OneDrive/Documents/GitHub/GamePrototypeTest30/MyProjectTargetGame/Content/Characters/Mannequins/Textures/Manny/T_Manny_02_BN.ubulk" 1226
"C:/Users/Ryan/OneDrive/Documents/GitHub/GamePrototypeTest30/MyProjectTargetGame/Content/Characters/Mannequins/Textures/Manny/T_Manny_02_BN.uasset" 1227
"C:/Users/Ryan/OneDrive/Documents/GitHub/GamePrototypeTest30/MyProjectTargetGame/Content/Characters/Mannequins/Textures/Manny/T_Manny_02_BN.uexp" 1228
"C:/Users/Ryan/OneDrive/Documents/GitHub/GamePrototypeTest30/MyProjectTargetGame/Content/Characters/Mannequins/Textures/Manny/T_Manny_02_D.ubulk" 1229
"C:/Users/Ryan/OneDrive/Documents/GitHub/GamePrototypeTest30/MyProjectTargetGame/Content/Characters/Mannequins/Textures/Manny/T_Manny_02_D.uasset" 1230
"C:/Users/Ryan/OneDrive/Documents/GitHub/GamePrototypeTest30/MyProjectTargetGame/Content/Characters/Mannequins/Textures/Manny/T_Manny_02_D.uexp" 1231
"C:/Users/Ryan/OneDrive/Documents/GitHub/GamePrototypeTest30/MyProjectTargetGame/Content/Characters/Mannequins/Textures/Manny/T_Manny_02_MRA.ubulk" 1232
"C:/Users/Ryan/OneDrive/Documents/GitHub/GamePrototypeTest30/MyProjectTargetGame/Content/Characters/Mannequins/Textures/Manny/T_Manny_02_MRA.uasset" 1233
"C:/Users/Ryan/OneDrive/Documents/GitHub/GamePrototypeTest30/MyProjectTargetGame/Content/Characters/Mannequins/Textures/Manny/T_Manny_02_MRA.uexp" 1234
"C:/Users/Ryan/OneDrive/Documents/GitHub/GamePrototypeTest30/MyProjectTargetGame/Content/Characters/Mannequins/Materials/Manny/MI_Manny_02_New.uasset" 1235
"C:/Users/Ryan/OneDrive/Documents/GitHub/GamePrototypeTest30/MyProjectTargetGame/Content/Characters/Mannequins/Materials/Manny/MI_Manny_02_New.uexp" 1236
"C:/Users/Ryan/OneDrive/Documents/GitHub/GamePrototypeTest30/MyProjectTargetGame/Content/Characters/Mannequins/Meshes/SKM_Manny_Simple.uasset" 1237
"C:/Users/Ryan/OneDrive/Documents/GitHub/GamePrototypeTest30/MyProjectTargetGame/Content/Characters/Mannequins/Meshes/SKM_Manny_Simple.uexp" 1238
"C:/Users/Ryan/OneDrive/Documents/GitHub/GamePrototypeTest30/MyProjectTargetGame/Content/Input/Actions/IA_Jump.uasset" 1239
"C:/Users/Ryan/OneDrive/Documents/GitHub/GamePrototypeTest30/MyProjectTargetGame/Content/Input/Actions/IA_Jump.uexp" 1240
"C:/Users/Ryan/OneDrive/Documents/GitHub/GamePrototypeTest30/MyProjectTargetGame/Content/Input/Actions/IA_Look.uasset" 1241
"C:/Users/Ryan/OneDrive/Documents/GitHub/GamePrototypeTest30/MyProjectTargetGame/Content/Input/Actions/IA_Look.uexp" 1242
"C:/Users/Ryan/OneDrive/Documents/GitHub/GamePrototypeTest30/MyProjectTargetGame/Content/Input/Actions/IA_Move.uasset" 1243
"C:/Users/Ryan/OneDrive/Documents/GitHub/GamePrototypeTest30/MyProjectTargetGame/Content/Input/Actions/IA_Move.uexp" 1244
"C:/Users/Ryan/OneDrive/Documents/GitHub/GamePrototypeTest30/MyProjectTargetGame/Content/Input/Actions/IA_MouseLook.uasset" 1245
"C:/Users/Ryan/OneDrive/Documents/GitHub/GamePrototypeTest30/MyProjectTargetGame/Content/Input/Actions/IA_MouseLook.uexp" 1246
"C:/Users/Ryan/OneDrive/Documents/GitHub/GamePrototypeTest30/MyProjectTargetGame/Content/Input/Actions/IA_Kick.uasset" 1247
"C:/Users/Ryan/OneDrive/Documents/GitHub/GamePrototypeTest30/MyProjectTargetGame/Content/Input/Actions/IA_Kick.uexp" 1248
"C:/Users/Ryan/OneDrive/Documents/GitHub/GamePrototypeTest30/MyProjectTargetGame/Content/Input/Actions/IA_SmallKick.uasset" 1249
"C:/Users/Ryan/OneDrive/Documents/GitHub/GamePrototypeTest30/MyProjectTargetGame/Content/Input/Actions/IA_SmallKick.uexp" 1250
"C:/Users/Ryan/OneDrive/Documents/GitHub/GamePrototypeTest30/MyProjectTargetGame/Content/Input/IMC_Player.uasset" 1251
"C:/Users/Ryan/OneDrive/Documents/GitHub/GamePrototypeTest30/MyProjectTargetGame/Content/Input/IMC_Player.uexp" 1252
"C:/Users/Ryan/OneDrive/Documents/GitHub/GamePrototypeTest30/MyProjectTargetGame/Content/Materials/BackgroundImage.uasset" 1253
"C:/Users/Ryan/OneDrive/Documents/GitHub/GamePrototypeTest30/MyProjectTargetGame/Content/Materials/BackgroundImage.uexp" 1254
"C:/Users/Ryan/OneDrive/Documents/GitHub/GamePrototypeTest30/MyProjectTargetGame/Content/UI/WB_MainMenu.uasset" 1255
"C:/Users/Ryan/OneDrive/Documents/GitHub/GamePrototypeTest30/MyProjectTargetGame/Content/UI/WB_MainMenu.uexp" 1256
"C:/Users/Ryan/OneDrive/Documents/GitHub/GamePrototypeTest30/MyProjectTargetGame/Content/Input/IMC_Default.uasset" 1257
"C:/Users/Ryan/OneDrive/Documents/GitHub/GamePrototypeTest30/MyProjectTargetGame/Content/Input/IMC_Default.uexp" 1258
"C:/Users/Ryan/OneDrive/Documents/GitHub/GamePrototypeTest30/MyProjectTargetGame/Content/Input/IMC_MouseLook.uasset" 1259
"C:/Users/Ryan/OneDrive/Documents/GitHub/GamePrototypeTest30/MyProjectTargetGame/Content/Input/IMC_MouseLook.uexp" 1260
"C:/Users/Ryan/OneDrive/Documents/GitHub/GamePrototypeTest30/MyProjectTargetGame/Content/FirstPerson/Blueprints/BP_FirstPersonCameraManager.uasset" 1261
"C:/Users/Ryan/OneDrive/Documents/GitHub/GamePrototypeTest30/MyProjectTargetGame/Content/FirstPerson/Blueprints/BP_FirstPersonCameraManager.uexp" 1262
"../../../Engine/Content/MobileResources/HUD/VirtualJoystick_Thumb.uasset" 1263
"../../../Engine/Content/MobileResources/HUD/VirtualJoystick_Thumb.uexp" 1264
"C:/Users/Ryan/OneDrive/Documents/GitHub/GamePrototypeTest30/MyProjectTargetGame/Content/Input/Touch/BPI_TouchInterface.uasset" 1265
"C:/Users/Ryan/OneDrive/Documents/GitHub/GamePrototypeTest30/MyProjectTargetGame/Content/Input/Touch/BPI_TouchInterface.uexp" 1266
"../../../Engine/Content/MobileResources/HUD/VirtualJoystick_Background.uasset" 1267
"../../../Engine/Content/MobileResources/HUD/VirtualJoystick_Background.uexp" 1268
"C:/Users/Ryan/OneDrive/Documents/GitHub/GamePrototypeTest30/MyProjectTargetGame/Content/Input/Touch/UI_Thumbstick.uasset" 1269
"C:/Users/Ryan/OneDrive/Documents/GitHub/GamePrototypeTest30/MyProjectTargetGame/Content/Input/Touch/UI_Thumbstick.uexp" 1270
"C:/Users/Ryan/OneDrive/Documents/GitHub/GamePrototypeTest30/MyProjectTargetGame/Content/Input/Touch/UI_TouchSimple.uasset" 1271
"C:/Users/Ryan/OneDrive/Documents/GitHub/GamePrototypeTest30/MyProjectTargetGame/Content/Input/Touch/UI_TouchSimple.uexp" 1272
"C:/Users/Ryan/OneDrive/Documents/GitHub/GamePrototypeTest30/MyProjectTargetGame/Content/FirstPerson/Blueprints/BP_FirstPersonPlayerController.uasset" 1273
"C:/Users/Ryan/OneDrive/Documents/GitHub/GamePrototypeTest30/MyProjectTargetGame/Content/FirstPerson/Blueprints/BP_FirstPersonPlayerController.uexp" 1274
"C:/Users/Ryan/OneDrive/Documents/GitHub/GamePrototypeTest30/MyProjectTargetGame/Content/FirstPerson/Blueprints/BP_FirstPersonGameMode.uasset" 1275
"C:/Users/Ryan/OneDrive/Documents/GitHub/GamePrototypeTest30/MyProjectTargetGame/Content/FirstPerson/Blueprints/BP_FirstPersonGameMode.uexp" 1276
"C:/Users/Ryan/OneDrive/Documents/GitHub/GamePrototypeTest30/MyProjectTargetGame/Content/UI/WBP_Goals.uasset" 1277
"C:/Users/Ryan/OneDrive/Documents/GitHub/GamePrototypeTest30/MyProjectTargetGame/Content/UI/WBP_Goals.uexp" 1278
"C:/Users/Ryan/OneDrive/Documents/GitHub/GamePrototypeTest30/MyProjectTargetGame/Content/FirstPerson/Anims/CtrlRig_FPWarp.uasset" 1279
"C:/Users/Ryan/OneDrive/Documents/GitHub/GamePrototypeTest30/MyProjectTargetGame/Content/FirstPerson/Anims/CtrlRig_FPWarp.uexp" 1280
"C:/Users/Ryan/OneDrive/Documents/GitHub/GamePrototypeTest30/MyProjectTargetGame/Content/FirstPerson/Anims/ABP_FP_Copy.uasset" 1281
"C:/Users/Ryan/OneDrive/Documents/GitHub/GamePrototypeTest30/MyProjectTargetGame/Content/FirstPerson/Anims/ABP_FP_Copy.uexp" 1282
"C:/Users/Ryan/OneDrive/Documents/GitHub/GamePrototypeTest30/MyProjectTargetGame/Content/FirstPerson/SoundEffects/freesound_community-soccer-ball-kick-37625.ubulk" 1283
"C:/Users/Ryan/OneDrive/Documents/GitHub/GamePrototypeTest30/MyProjectTargetGame/Content/FirstPerson/SoundEffects/freesound_community-soccer-ball-kick-37625.uasset" 1284
"C:/Users/Ryan/OneDrive/Documents/GitHub/GamePrototypeTest30/MyProjectTargetGame/Content/FirstPerson/SoundEffects/freesound_community-soccer-ball-kick-37625.uexp" 1285
"C:/Users/Ryan/OneDrive/Documents/GitHub/GamePrototypeTest30/MyProjectTargetGame/Content/FirstPerson/SoundEffects/freesound_community-soccer-kick-6235.ubulk" 1286
"C:/Users/Ryan/OneDrive/Documents/GitHub/GamePrototypeTest30/MyProjectTargetGame/Content/FirstPerson/SoundEffects/freesound_community-soccer-kick-6235.uasset" 1287
"C:/Users/Ryan/OneDrive/Documents/GitHub/GamePrototypeTest30/MyProjectTargetGame/Content/FirstPerson/SoundEffects/freesound_community-soccer-kick-6235.uexp" 1288
"C:/Users/Ryan/OneDrive/Documents/GitHub/GamePrototypeTest30/MyProjectTargetGame/Content/FirstPerson/Blueprints/BP_FirstPersonCharacter.uasset" 1289
"C:/Users/Ryan/OneDrive/Documents/GitHub/GamePrototypeTest30/MyProjectTargetGame/Content/FirstPerson/Blueprints/BP_FirstPersonCharacter.uexp" 1290
"C:/Users/Ryan/OneDrive/Documents/GitHub/GamePrototypeTest30/MyProjectTargetGame/Content/FirstPerson/SoundEffects/forza1903-a-football-hits-the-net-goal-313216.ubulk" 1291
"C:/Users/Ryan/OneDrive/Documents/GitHub/GamePrototypeTest30/MyProjectTargetGame/Content/FirstPerson/SoundEffects/forza1903-a-football-hits-the-net-goal-313216.uasset" 1292
"C:/Users/Ryan/OneDrive/Documents/GitHub/GamePrototypeTest30/MyProjectTargetGame/Content/FirstPerson/SoundEffects/forza1903-a-football-hits-the-net-goal-313216.uexp" 1293
"C:/Users/Ryan/OneDrive/Documents/GitHub/GamePrototypeTest30/MyProjectTargetGame/Content/BluePrintClasses/BP_GoalTrigger.uasset" 1294
"C:/Users/Ryan/OneDrive/Documents/GitHub/GamePrototypeTest30/MyProjectTargetGame/Content/BluePrintClasses/BP_GoalTrigger.uexp" 1295
"C:/Users/Ryan/OneDrive/Documents/GitHub/GamePrototypeTest30/MyProjectTargetGame/Content/Characters/Mannequins/Anims/Pistol/Jog/MF_Pistol_Jog_Bwd_Left.uasset" 1296
"C:/Users/Ryan/OneDrive/Documents/GitHub/GamePrototypeTest30/MyProjectTargetGame/Content/Characters/Mannequins/Anims/Pistol/Jog/MF_Pistol_Jog_Bwd_Left.uexp" 1297
"C:/Users/Ryan/OneDrive/Documents/GitHub/GamePrototypeTest30/MyProjectTargetGame/Content/BluePrintClasses/BP_KillBox.uasset" 1298
"C:/Users/Ryan/OneDrive/Documents/GitHub/GamePrototypeTest30/MyProjectTargetGame/Content/BluePrintClasses/BP_KillBox.uexp" 1299
"../../../Engine/Content/BasicShapes/BasicShapeMaterial.uasset" 1300
"../../../Engine/Content/BasicShapes/BasicShapeMaterial.uexp" 1301
"C:/Users/Ryan/OneDrive/Documents/GitHub/GamePrototypeTest30/MyProjectTargetGame/Content/BluePrintClasses/BP_Timer.uasset" 1302
"C:/Users/Ryan/OneDrive/Documents/GitHub/GamePrototypeTest30/MyProjectTargetGame/Content/BluePrintClasses/BP_Timer.uexp" 1303
"C:/Users/Ryan/OneDrive/Documents/GitHub/GamePrototypeTest30/MyProjectTargetGame/Content/Characters/Mannequins/Anims/Pistol/Jog/MF_Pistol_Jog_Bwd_Right.uasset" 1304
"C:/Users/Ryan/OneDrive/Documents/GitHub/GamePrototypeTest30/MyProjectTargetGame/Content/Characters/Mannequins/Anims/Pistol/Jog/MF_Pistol_Jog_Bwd_Right.uexp" 1305
"C:/Users/Ryan/OneDrive/Documents/GitHub/GamePrototypeTest30/MyProjectTargetGame/Content/Materials/Grass.uasset" 1306
"C:/Users/Ryan/OneDrive/Documents/GitHub/GamePrototypeTest30/MyProjectTargetGame/Content/Materials/Grass.uexp" 1307
"C:/Users/Ryan/OneDrive/Documents/GitHub/GamePrototypeTest30/MyProjectTargetGame/Content/Materials/M_Grass.uasset" 1308
"C:/Users/Ryan/OneDrive/Documents/GitHub/GamePrototypeTest30/MyProjectTargetGame/Content/Materials/M_Grass.uexp" 1309
"C:/Users/Ryan/OneDrive/Documents/GitHub/GamePrototypeTest30/MyProjectTargetGame/Content/FLevelData.uasset" 1310
"C:/Users/Ryan/OneDrive/Documents/GitHub/GamePrototypeTest30/MyProjectTargetGame/Content/FLevelData.uexp" 1311
"C:/Users/Ryan/OneDrive/Documents/GitHub/GamePrototypeTest30/MyProjectTargetGame/Content/NewDataTable.uasset" 1312
"C:/Users/Ryan/OneDrive/Documents/GitHub/GamePrototypeTest30/MyProjectTargetGame/Content/NewDataTable.uexp" 1313
"C:/Users/Ryan/OneDrive/Documents/GitHub/GamePrototypeTest30/MyProjectTargetGame/Content/Characters/Mannequins/Anims/Pistol/Jog/MF_Pistol_Jog_Fwd.uasset" 1314
"C:/Users/Ryan/OneDrive/Documents/GitHub/GamePrototypeTest30/MyProjectTargetGame/Content/Characters/Mannequins/Anims/Pistol/Jog/MF_Pistol_Jog_Fwd.uexp" 1315
"C:/Users/Ryan/OneDrive/Documents/GitHub/GamePrototypeTest30/MyProjectTargetGame/Content/Characters/Mannequins/Anims/Pistol/Jog/MF_Pistol_Jog_Fwd_Left.uasset" 1316
"C:/Users/Ryan/OneDrive/Documents/GitHub/GamePrototypeTest30/MyProjectTargetGame/Content/Characters/Mannequins/Anims/Pistol/Jog/MF_Pistol_Jog_Fwd_Left.uexp" 1317
"C:/Users/Ryan/OneDrive/Documents/GitHub/GamePrototypeTest30/MyProjectTargetGame/Content/CubeColours/M_CubeColour3.uasset" 1318
"C:/Users/Ryan/OneDrive/Documents/GitHub/GamePrototypeTest30/MyProjectTargetGame/Content/CubeColours/M_CubeColour3.uexp" 1319
"C:/Users/Ryan/OneDrive/Documents/GitHub/GamePrototypeTest30/MyProjectTargetGame/Content/Characters/Mannequins/Anims/Pistol/Jog/MF_Pistol_Jog_Fwd_Right.uasset" 1320
"C:/Users/Ryan/OneDrive/Documents/GitHub/GamePrototypeTest30/MyProjectTargetGame/Content/Characters/Mannequins/Anims/Pistol/Jog/MF_Pistol_Jog_Fwd_Right.uexp" 1321
"C:/Users/Ryan/OneDrive/Documents/GitHub/GamePrototypeTest30/MyProjectTargetGame/Content/CubeColours/M_CubeColour4.uasset" 1322
"C:/Users/Ryan/OneDrive/Documents/GitHub/GamePrototypeTest30/MyProjectTargetGame/Content/CubeColours/M_CubeColour4.uexp" 1323
"C:/Users/Ryan/OneDrive/Documents/GitHub/GamePrototypeTest30/MyProjectTargetGame/Content/CubeColours/M_CubeColour5.uasset" 1324
"C:/Users/Ryan/OneDrive/Documents/GitHub/GamePrototypeTest30/MyProjectTargetGame/Content/CubeColours/M_CubeColour5.uexp" 1325
"C:/Users/Ryan/OneDrive/Documents/GitHub/GamePrototypeTest30/MyProjectTargetGame/Content/Characters/Mannequins/Anims/Pistol/Jog/MF_Pistol_Jog_Left.uasset" 1326
"C:/Users/Ryan/OneDrive/Documents/GitHub/GamePrototypeTest30/MyProjectTargetGame/Content/Characters/Mannequins/Anims/Pistol/Jog/MF_Pistol_Jog_Left.uexp" 1327
"C:/Users/Ryan/OneDrive/Documents/GitHub/GamePrototypeTest30/MyProjectTargetGame/Content/CubeColours/M_CubeColour6.uasset" 1328
"C:/Users/Ryan/OneDrive/Documents/GitHub/GamePrototypeTest30/MyProjectTargetGame/Content/CubeColours/M_CubeColour6.uexp" 1329
"C:/Users/Ryan/OneDrive/Documents/GitHub/GamePrototypeTest30/MyProjectTargetGame/Content/Materials/b9a429c4df0cd063ca806d221491e2d6-removebg-preview.uasset" 1330
"C:/Users/Ryan/OneDrive/Documents/GitHub/GamePrototypeTest30/MyProjectTargetGame/Content/Materials/b9a429c4df0cd063ca806d221491e2d6-removebg-preview.uexp" 1331
"C:/Users/Ryan/OneDrive/Documents/GitHub/GamePrototypeTest30/MyProjectTargetGame/Content/CubeColours/NewMaterial.uasset" 1332
"C:/Users/Ryan/OneDrive/Documents/GitHub/GamePrototypeTest30/MyProjectTargetGame/Content/CubeColours/NewMaterial.uexp" 1333
"C:/Users/Ryan/OneDrive/Documents/GitHub/GamePrototypeTest30/MyProjectTargetGame/Content/Characters/Mannequins/Anims/Pistol/Jog/MF_Pistol_Jog_Right.uasset" 1334
"C:/Users/Ryan/OneDrive/Documents/GitHub/GamePrototypeTest30/MyProjectTargetGame/Content/Characters/Mannequins/Anims/Pistol/Jog/MF_Pistol_Jog_Right.uexp" 1335
"C:/Users/Ryan/OneDrive/Documents/GitHub/GamePrototypeTest30/MyProjectTargetGame/Content/Characters/Mannequins/Anims/Pistol/Jump/MM_Pistol_Jump_Fall_Loop.uasset" 1336
"C:/Users/Ryan/OneDrive/Documents/GitHub/GamePrototypeTest30/MyProjectTargetGame/Content/Characters/Mannequins/Anims/Pistol/Jump/MM_Pistol_Jump_Fall_Loop.uexp" 1337
"C:/Users/Ryan/OneDrive/Documents/GitHub/GamePrototypeTest30/MyProjectTargetGame/Content/Characters/Mannequins/Anims/Pistol/Jump/MM_Pistol_Jump_RecoveryAdditive.uasset" 1338
"C:/Users/Ryan/OneDrive/Documents/GitHub/GamePrototypeTest30/MyProjectTargetGame/Content/Characters/Mannequins/Anims/Pistol/Jump/MM_Pistol_Jump_RecoveryAdditive.uexp" 1339
"C:/Users/Ryan/OneDrive/Documents/GitHub/GamePrototypeTest30/MyProjectTargetGame/Content/Characters/Mannequins/Rigs/CR_Mannequin_Body.uasset" 1340
"C:/Users/Ryan/OneDrive/Documents/GitHub/GamePrototypeTest30/MyProjectTargetGame/Content/Characters/Mannequins/Rigs/CR_Mannequin_Body.uexp" 1341
"C:/Users/Ryan/OneDrive/Documents/GitHub/GamePrototypeTest30/MyProjectTargetGame/Content/Characters/Mannequins/Anims/Pistol/Jump/MM_Pistol_Jump_Start.uasset" 1342
"C:/Users/Ryan/OneDrive/Documents/GitHub/GamePrototypeTest30/MyProjectTargetGame/Content/Characters/Mannequins/Anims/Pistol/Jump/MM_Pistol_Jump_Start.uexp" 1343
"C:/Users/Ryan/OneDrive/Documents/GitHub/GamePrototypeTest30/MyProjectTargetGame/Content/Characters/Mannequins/Anims/Pistol/Walk/MF_Pistol_Walk_Bwd.uasset" 1344
"C:/Users/Ryan/OneDrive/Documents/GitHub/GamePrototypeTest30/MyProjectTargetGame/Content/Characters/Mannequins/Anims/Pistol/Walk/MF_Pistol_Walk_Bwd.uexp" 1345
"C:/Users/Ryan/OneDrive/Documents/GitHub/GamePrototypeTest30/MyProjectTargetGame/Content/Characters/Mannequins/Anims/Pistol/Walk/MF_Pistol_Walk_Bwd_Left.uasset" 1346
"C:/Users/Ryan/OneDrive/Documents/GitHub/GamePrototypeTest30/MyProjectTargetGame/Content/Characters/Mannequins/Anims/Pistol/Walk/MF_Pistol_Walk_Bwd_Left.uexp" 1347
"C:/Users/Ryan/OneDrive/Documents/GitHub/GamePrototypeTest30/MyProjectTargetGame/Content/Characters/Mannequins/Anims/Pistol/Walk/MF_Pistol_Walk_Bwd_Right.uasset" 1348
"C:/Users/Ryan/OneDrive/Documents/GitHub/GamePrototypeTest30/MyProjectTargetGame/Content/Characters/Mannequins/Anims/Pistol/Walk/MF_Pistol_Walk_Bwd_Right.uexp" 1349
"../../../Engine/Plugins/Animation/ControlRig/Content/Controls/DefaultGizmoLibrary.uasset" 1350
"../../../Engine/Plugins/Animation/ControlRig/Content/Controls/DefaultGizmoLibrary.uexp" 1351
"C:/Users/Ryan/OneDrive/Documents/GitHub/GamePrototypeTest30/MyProjectTargetGame/Content/Characters/Mannequins/Rigs/CR_Mannequin_Procedural.uasset" 1352
"C:/Users/Ryan/OneDrive/Documents/GitHub/GamePrototypeTest30/MyProjectTargetGame/Content/Characters/Mannequins/Rigs/CR_Mannequin_Procedural.uexp" 1353
"C:/Users/Ryan/OneDrive/Documents/GitHub/GamePrototypeTest30/MyProjectTargetGame/Content/Characters/Mannequins/Anims/Pistol/Walk/MF_Pistol_Walk_Fwd.uasset" 1354
"C:/Users/Ryan/OneDrive/Documents/GitHub/GamePrototypeTest30/MyProjectTargetGame/Content/Characters/Mannequins/Anims/Pistol/Walk/MF_Pistol_Walk_Fwd.uexp" 1355
"C:/Users/Ryan/OneDrive/Documents/GitHub/GamePrototypeTest30/MyProjectTargetGame/Content/Fab/Traffic_Cone/Additional_Textures/M_Traffic_Cone_BaseColor.ubulk" 1356
"C:/Users/Ryan/OneDrive/Documents/GitHub/GamePrototypeTest30/MyProjectTargetGame/Content/Fab/Traffic_Cone/Additional_Textures/M_Traffic_Cone_BaseColor.uasset" 1357
"C:/Users/Ryan/OneDrive/Documents/GitHub/GamePrototypeTest30/MyProjectTargetGame/Content/Fab/Traffic_Cone/Additional_Textures/M_Traffic_Cone_BaseColor.uexp" 1358
"C:/Users/Ryan/OneDrive/Documents/GitHub/GamePrototypeTest30/MyProjectTargetGame/Content/Characters/Mannequins/Anims/Pistol/Walk/MF_Pistol_Walk_Fwd_Left.uasset" 1359
"C:/Users/Ryan/OneDrive/Documents/GitHub/GamePrototypeTest30/MyProjectTargetGame/Content/Characters/Mannequins/Anims/Pistol/Walk/MF_Pistol_Walk_Fwd_Left.uexp" 1360
"C:/Users/Ryan/OneDrive/Documents/GitHub/GamePrototypeTest30/MyProjectTargetGame/Content/Fab/Traffic_Cone/Additional_Textures/M_Traffic_Cone_Metallic.ubulk" 1361
"C:/Users/Ryan/OneDrive/Documents/GitHub/GamePrototypeTest30/MyProjectTargetGame/Content/Fab/Traffic_Cone/Additional_Textures/M_Traffic_Cone_Metallic.uasset" 1362
"C:/Users/Ryan/OneDrive/Documents/GitHub/GamePrototypeTest30/MyProjectTargetGame/Content/Fab/Traffic_Cone/Additional_Textures/M_Traffic_Cone_Metallic.uexp" 1363
"C:/Users/Ryan/OneDrive/Documents/GitHub/GamePrototypeTest30/MyProjectTargetGame/Content/Characters/Mannequins/Anims/Pistol/Walk/MF_Pistol_Walk_Fwd_Right.uasset" 1364
"C:/Users/Ryan/OneDrive/Documents/GitHub/GamePrototypeTest30/MyProjectTargetGame/Content/Characters/Mannequins/Anims/Pistol/Walk/MF_Pistol_Walk_Fwd_Right.uexp" 1365
"C:/Users/Ryan/OneDrive/Documents/GitHub/GamePrototypeTest30/MyProjectTargetGame/Content/Fab/Traffic_Cone/Additional_Textures/M_Traffic_Cone_Normal.ubulk" 1366
"C:/Users/Ryan/OneDrive/Documents/GitHub/GamePrototypeTest30/MyProjectTargetGame/Content/Fab/Traffic_Cone/Additional_Textures/M_Traffic_Cone_Normal.uasset" 1367
"C:/Users/Ryan/OneDrive/Documents/GitHub/GamePrototypeTest30/MyProjectTargetGame/Content/Fab/Traffic_Cone/Additional_Textures/M_Traffic_Cone_Normal.uexp" 1368
"C:/Users/Ryan/OneDrive/Documents/GitHub/GamePrototypeTest30/MyProjectTargetGame/Content/Fab/Traffic_Cone/Additional_Textures/M_Traffic_Cone_Roughness.ubulk" 1369
"C:/Users/Ryan/OneDrive/Documents/GitHub/GamePrototypeTest30/MyProjectTargetGame/Content/Fab/Traffic_Cone/Additional_Textures/M_Traffic_Cone_Roughness.uasset" 1370
"C:/Users/Ryan/OneDrive/Documents/GitHub/GamePrototypeTest30/MyProjectTargetGame/Content/Fab/Traffic_Cone/Additional_Textures/M_Traffic_Cone_Roughness.uexp" 1371
"C:/Users/Ryan/OneDrive/Documents/GitHub/GamePrototypeTest30/MyProjectTargetGame/Content/Characters/Mannequins/Anims/Pistol/Walk/MF_Pistol_Walk_Left.uasset" 1372
"C:/Users/Ryan/OneDrive/Documents/GitHub/GamePrototypeTest30/MyProjectTargetGame/Content/Characters/Mannequins/Anims/Pistol/Walk/MF_Pistol_Walk_Left.uexp" 1373
"C:/Users/Ryan/OneDrive/Documents/GitHub/GamePrototypeTest30/MyProjectTargetGame/Content/Characters/Mannequins/Anims/Pistol/Walk/MF_Pistol_Walk_Right.uasset" 1374
"C:/Users/Ryan/OneDrive/Documents/GitHub/GamePrototypeTest30/MyProjectTargetGame/Content/Characters/Mannequins/Anims/Pistol/Walk/MF_Pistol_Walk_Right.uexp" 1375
"C:/Users/Ryan/OneDrive/Documents/GitHub/GamePrototypeTest30/MyProjectTargetGame/Content/Characters/Mannequins/Anims/Rifle/MF_Rifle_Idle_ADS.uasset" 1376
"C:/Users/Ryan/OneDrive/Documents/GitHub/GamePrototypeTest30/MyProjectTargetGame/Content/Characters/Mannequins/Anims/Rifle/MF_Rifle_Idle_ADS.uexp" 1377
"C:/Users/Ryan/OneDrive/Documents/GitHub/GamePrototypeTest30/MyProjectTargetGame/Content/Characters/Mannequins/Anims/Rifle/AIM/MM_Rifle_Idle_ADS_AO_CC.uasset" 1378
"C:/Users/Ryan/OneDrive/Documents/GitHub/GamePrototypeTest30/MyProjectTargetGame/Content/Characters/Mannequins/Anims/Rifle/AIM/MM_Rifle_Idle_ADS_AO_CC.uexp" 1379
"C:/Users/Ryan/OneDrive/Documents/GitHub/GamePrototypeTest30/MyProjectTargetGame/Content/Characters/Mannequins/Anims/Rifle/AIM/MM_Rifle_Idle_ADS_AO_CD.uasset" 1380
"C:/Users/Ryan/OneDrive/Documents/GitHub/GamePrototypeTest30/MyProjectTargetGame/Content/Characters/Mannequins/Anims/Rifle/AIM/MM_Rifle_Idle_ADS_AO_CD.uexp" 1381
"C:/Users/Ryan/OneDrive/Documents/GitHub/GamePrototypeTest30/MyProjectTargetGame/Content/Characters/Mannequins/Anims/Rifle/AIM/MM_Rifle_Idle_ADS_AO_CU.uasset" 1382
"C:/Users/Ryan/OneDrive/Documents/GitHub/GamePrototypeTest30/MyProjectTargetGame/Content/Characters/Mannequins/Anims/Rifle/AIM/MM_Rifle_Idle_ADS_AO_CU.uexp" 1383
"C:/Users/Ryan/OneDrive/Documents/GitHub/GamePrototypeTest30/MyProjectTargetGame/Content/Characters/Mannequins/Anims/Rifle/AIM/AO_Rifle.uasset" 1384
"C:/Users/Ryan/OneDrive/Documents/GitHub/GamePrototypeTest30/MyProjectTargetGame/Content/Characters/Mannequins/Anims/Rifle/AIM/AO_Rifle.uexp" 1385
"C:/Users/Ryan/OneDrive/Documents/GitHub/GamePrototypeTest30/MyProjectTargetGame/Content/MSPresets/MS_DefaultTextures/T_Alpha_Black.ubulk" 1386
"C:/Users/Ryan/OneDrive/Documents/GitHub/GamePrototypeTest30/MyProjectTargetGame/Content/MSPresets/MS_DefaultTextures/T_Alpha_Black.uasset" 1387
"C:/Users/Ryan/OneDrive/Documents/GitHub/GamePrototypeTest30/MyProjectTargetGame/Content/MSPresets/MS_DefaultTextures/T_Alpha_Black.uexp" 1388
"C:/Users/Ryan/OneDrive/Documents/GitHub/GamePrototypeTest30/MyProjectTargetGame/Content/MSPresets/MS_DefaultTextures/T_Alpha_Grey.ubulk" 1389
"C:/Users/Ryan/OneDrive/Documents/GitHub/GamePrototypeTest30/MyProjectTargetGame/Content/MSPresets/MS_DefaultTextures/T_Alpha_Grey.uasset" 1390
"C:/Users/Ryan/OneDrive/Documents/GitHub/GamePrototypeTest30/MyProjectTargetGame/Content/MSPresets/MS_DefaultTextures/T_Alpha_Grey.uexp" 1391
"C:/Users/Ryan/OneDrive/Documents/GitHub/GamePrototypeTest30/MyProjectTargetGame/Content/MSPresets/MS_DefaultTextures/T_Normal.ubulk" 1392
"C:/Users/Ryan/OneDrive/Documents/GitHub/GamePrototypeTest30/MyProjectTargetGame/Content/MSPresets/MS_DefaultTextures/T_Normal.uasset" 1393
"C:/Users/Ryan/OneDrive/Documents/GitHub/GamePrototypeTest30/MyProjectTargetGame/Content/MSPresets/MS_DefaultTextures/T_Normal.uexp" 1394
"C:/Users/Ryan/OneDrive/Documents/GitHub/GamePrototypeTest30/MyProjectTargetGame/Content/MSPresets/MS_DefaultTextures/T_srgb_Black.ubulk" 1395
"C:/Users/Ryan/OneDrive/Documents/GitHub/GamePrototypeTest30/MyProjectTargetGame/Content/MSPresets/MS_DefaultTextures/T_srgb_Black.uasset" 1396
"C:/Users/Ryan/OneDrive/Documents/GitHub/GamePrototypeTest30/MyProjectTargetGame/Content/MSPresets/MS_DefaultTextures/T_srgb_Black.uexp" 1397
"../../../Engine/Content/Functions/Engine_MaterialFunctions02/Texturing/CustomRotator.uasset" 1398
"../../../Engine/Content/Functions/Engine_MaterialFunctions02/Texturing/CustomRotator.uexp" 1399
"C:/Users/Ryan/OneDrive/Documents/GitHub/GamePrototypeTest30/MyProjectTargetGame/Content/MSPresets/MS_DefaultMaterial_Displacement/Functions/MF_DetailNormalTiling.uasset" 1400
"C:/Users/Ryan/OneDrive/Documents/GitHub/GamePrototypeTest30/MyProjectTargetGame/Content/MSPresets/MS_DefaultMaterial_Displacement/Functions/MF_DetailNormalTiling.uexp" 1401
"C:/Users/Ryan/OneDrive/Documents/GitHub/GamePrototypeTest30/MyProjectTargetGame/Content/MSPresets/MS_DefaultMaterial_Displacement/Functions/MF_Displacement.uasset" 1402
"C:/Users/Ryan/OneDrive/Documents/GitHub/GamePrototypeTest30/MyProjectTargetGame/Content/MSPresets/MS_DefaultMaterial_Displacement/Functions/MF_Displacement.uexp" 1403
"C:/Users/Ryan/OneDrive/Documents/GitHub/GamePrototypeTest30/MyProjectTargetGame/Content/MSPresets/MS_DefaultMaterial_Displacement/Functions/MF_Transmission.uasset" 1404
"C:/Users/Ryan/OneDrive/Documents/GitHub/GamePrototypeTest30/MyProjectTargetGame/Content/MSPresets/MS_DefaultMaterial_Displacement/Functions/MF_Transmission.uexp" 1405
"C:/Users/Ryan/OneDrive/Documents/GitHub/GamePrototypeTest30/MyProjectTargetGame/Content/MSPresets/MS_DefaultMaterial_Displacement/Functions/MF_MapAdjustments.uasset" 1406
"C:/Users/Ryan/OneDrive/Documents/GitHub/GamePrototypeTest30/MyProjectTargetGame/Content/MSPresets/MS_DefaultMaterial_Displacement/Functions/MF_MapAdjustments.uexp" 1407
"C:/Users/Ryan/OneDrive/Documents/GitHub/GamePrototypeTest30/MyProjectTargetGame/Content/MSPresets/MS_DefaultMaterial_Displacement/Functions/MF_Tiling.uasset" 1408
"C:/Users/Ryan/OneDrive/Documents/GitHub/GamePrototypeTest30/MyProjectTargetGame/Content/MSPresets/MS_DefaultMaterial_Displacement/Functions/MF_Tiling.uexp" 1409
"C:/Users/Ryan/OneDrive/Documents/GitHub/GamePrototypeTest30/MyProjectTargetGame/Content/MSPresets/MS_DefaultMaterial_Displacement/MS_DefaultMaterial_Displacement.uasset" 1410
"C:/Users/Ryan/OneDrive/Documents/GitHub/GamePrototypeTest30/MyProjectTargetGame/Content/MSPresets/MS_DefaultMaterial_Displacement/MS_DefaultMaterial_Displacement.uexp" 1411
"C:/Users/Ryan/OneDrive/Documents/GitHub/GamePrototypeTest30/MyProjectTargetGame/Content/Fab/Traffic_Cone/Textures/M_Traffic_Cone_BaseColor.ubulk" 1412
"C:/Users/Ryan/OneDrive/Documents/GitHub/GamePrototypeTest30/MyProjectTargetGame/Content/Fab/Traffic_Cone/Textures/M_Traffic_Cone_BaseColor.uasset" 1413
"C:/Users/Ryan/OneDrive/Documents/GitHub/GamePrototypeTest30/MyProjectTargetGame/Content/Fab/Traffic_Cone/Textures/M_Traffic_Cone_BaseColor.uexp" 1414
"C:/Users/Ryan/OneDrive/Documents/GitHub/GamePrototypeTest30/MyProjectTargetGame/Content/Fab/Traffic_Cone/Textures/M_Traffic_Cone_Height.ubulk" 1415
"C:/Users/Ryan/OneDrive/Documents/GitHub/GamePrototypeTest30/MyProjectTargetGame/Content/Fab/Traffic_Cone/Textures/M_Traffic_Cone_Height.uasset" 1416
"C:/Users/Ryan/OneDrive/Documents/GitHub/GamePrototypeTest30/MyProjectTargetGame/Content/Fab/Traffic_Cone/Textures/M_Traffic_Cone_Height.uexp" 1417
"C:/Users/Ryan/OneDrive/Documents/GitHub/GamePrototypeTest30/MyProjectTargetGame/Content/Fab/Traffic_Cone/Textures/M_Traffic_Cone_Metallic.ubulk" 1418
"C:/Users/Ryan/OneDrive/Documents/GitHub/GamePrototypeTest30/MyProjectTargetGame/Content/Fab/Traffic_Cone/Textures/M_Traffic_Cone_Metallic.uasset" 1419
"C:/Users/Ryan/OneDrive/Documents/GitHub/GamePrototypeTest30/MyProjectTargetGame/Content/Fab/Traffic_Cone/Textures/M_Traffic_Cone_Metallic.uexp" 1420
"C:/Users/Ryan/OneDrive/Documents/GitHub/GamePrototypeTest30/MyProjectTargetGame/Content/Fab/Traffic_Cone/Textures/M_Traffic_Cone_Normal.ubulk" 1421
"C:/Users/Ryan/OneDrive/Documents/GitHub/GamePrototypeTest30/MyProjectTargetGame/Content/Fab/Traffic_Cone/Textures/M_Traffic_Cone_Normal.uasset" 1422
"C:/Users/Ryan/OneDrive/Documents/GitHub/GamePrototypeTest30/MyProjectTargetGame/Content/Fab/Traffic_Cone/Textures/M_Traffic_Cone_Normal.uexp" 1423
"C:/Users/Ryan/OneDrive/Documents/GitHub/GamePrototypeTest30/MyProjectTargetGame/Content/Fab/Traffic_Cone/Textures/M_Traffic_Cone_OcclusionRoughnessMetallic.ubulk" 1424
"C:/Users/Ryan/OneDrive/Documents/GitHub/GamePrototypeTest30/MyProjectTargetGame/Content/Fab/Traffic_Cone/Textures/M_Traffic_Cone_OcclusionRoughnessMetallic.uasset" 1425
"C:/Users/Ryan/OneDrive/Documents/GitHub/GamePrototypeTest30/MyProjectTargetGame/Content/Fab/Traffic_Cone/Textures/M_Traffic_Cone_OcclusionRoughnessMetallic.uexp" 1426
"C:/Users/Ryan/OneDrive/Documents/GitHub/GamePrototypeTest30/MyProjectTargetGame/Content/Fab/Traffic_Cone/Textures/M_Traffic_Cone_Roughness.ubulk" 1427
"C:/Users/Ryan/OneDrive/Documents/GitHub/GamePrototypeTest30/MyProjectTargetGame/Content/Fab/Traffic_Cone/Textures/M_Traffic_Cone_Roughness.uasset" 1428
"C:/Users/Ryan/OneDrive/Documents/GitHub/GamePrototypeTest30/MyProjectTargetGame/Content/Fab/Traffic_Cone/Textures/M_Traffic_Cone_Roughness.uexp" 1429
"C:/Users/Ryan/OneDrive/Documents/GitHub/GamePrototypeTest30/MyProjectTargetGame/Content/Fab/Traffic_Cone/Materials/M_Traffic_Cone.uasset" 1430
"C:/Users/Ryan/OneDrive/Documents/GitHub/GamePrototypeTest30/MyProjectTargetGame/Content/Fab/Traffic_Cone/Materials/M_Traffic_Cone.uexp" 1431
"C:/Users/Ryan/OneDrive/Documents/GitHub/GamePrototypeTest30/MyProjectTargetGame/Content/Fab/Traffic_Cone/SM_Traffic_Cone_Low.ubulk" 1432
"C:/Users/Ryan/OneDrive/Documents/GitHub/GamePrototypeTest30/MyProjectTargetGame/Content/Fab/Traffic_Cone/SM_Traffic_Cone_Low.uasset" 1433
"C:/Users/Ryan/OneDrive/Documents/GitHub/GamePrototypeTest30/MyProjectTargetGame/Content/Fab/Traffic_Cone/SM_Traffic_Cone_Low.uexp" 1434
"C:/Users/Ryan/OneDrive/Documents/GitHub/GamePrototypeTest30/MyProjectTargetGame/Content/BluePrintClasses/BP_Cone.uasset" 1435
"C:/Users/Ryan/OneDrive/Documents/GitHub/GamePrototypeTest30/MyProjectTargetGame/Content/BluePrintClasses/BP_Cone.uexp" 1436
"C:/Users/Ryan/OneDrive/Documents/GitHub/GamePrototypeTest30/MyProjectTargetGame/Content/LevelPrototyping/Materials/MI_PrototypeGrid_Gray_02.uasset" 1437
"C:/Users/Ryan/OneDrive/Documents/GitHub/GamePrototypeTest30/MyProjectTargetGame/Content/LevelPrototyping/Materials/MI_PrototypeGrid_Gray_02.uexp" 1438
"C:/Users/Ryan/OneDrive/Documents/GitHub/GamePrototypeTest30/MyProjectTargetGame/Content/Characters/Mannequins/Anims/Rifle/HitReact/MM_HitReact_Back_Med_01.uasset" 1439
"C:/Users/Ryan/OneDrive/Documents/GitHub/GamePrototypeTest30/MyProjectTargetGame/Content/Characters/Mannequins/Anims/Rifle/HitReact/MM_HitReact_Back_Med_01.uexp" 1440
"C:/Users/Ryan/OneDrive/Documents/GitHub/GamePrototypeTest30/MyProjectTargetGame/Content/LevelPrototyping/Interactable/Door/Assets/Meshes/SM_Door.ubulk" 1441
"C:/Users/Ryan/OneDrive/Documents/GitHub/GamePrototypeTest30/MyProjectTargetGame/Content/LevelPrototyping/Interactable/Door/Assets/Meshes/SM_Door.uasset" 1442
"C:/Users/Ryan/OneDrive/Documents/GitHub/GamePrototypeTest30/MyProjectTargetGame/Content/LevelPrototyping/Interactable/Door/Assets/Meshes/SM_Door.uexp" 1443
"C:/Users/Ryan/OneDrive/Documents/GitHub/GamePrototypeTest30/MyProjectTargetGame/Content/LevelPrototyping/Interactable/Door/Assets/Meshes/SM_DoorFrame_Corner.ubulk" 1444
"C:/Users/Ryan/OneDrive/Documents/GitHub/GamePrototypeTest30/MyProjectTargetGame/Content/LevelPrototyping/Interactable/Door/Assets/Meshes/SM_DoorFrame_Corner.uasset" 1445
"C:/Users/Ryan/OneDrive/Documents/GitHub/GamePrototypeTest30/MyProjectTargetGame/Content/LevelPrototyping/Interactable/Door/Assets/Meshes/SM_DoorFrame_Corner.uexp" 1446
"C:/Users/Ryan/OneDrive/Documents/GitHub/GamePrototypeTest30/MyProjectTargetGame/Content/LevelPrototyping/Interactable/Door/Assets/Meshes/SM_DoorFrame_Edge.ubulk" 1447
"C:/Users/Ryan/OneDrive/Documents/GitHub/GamePrototypeTest30/MyProjectTargetGame/Content/LevelPrototyping/Interactable/Door/Assets/Meshes/SM_DoorFrame_Edge.uasset" 1448
"C:/Users/Ryan/OneDrive/Documents/GitHub/GamePrototypeTest30/MyProjectTargetGame/Content/LevelPrototyping/Interactable/Door/Assets/Meshes/SM_DoorFrame_Edge.uexp" 1449
"C:/Users/Ryan/OneDrive/Documents/GitHub/GamePrototypeTest30/MyProjectTargetGame/Content/LevelPrototyping/Interactable/Door/BP_DoorFrame.uasset" 1450
"C:/Users/Ryan/OneDrive/Documents/GitHub/GamePrototypeTest30/MyProjectTargetGame/Content/LevelPrototyping/Interactable/Door/BP_DoorFrame.uexp" 1451
"C:/Users/Ryan/OneDrive/Documents/GitHub/GamePrototypeTest30/MyProjectTargetGame/Content/Characters/Mannequins/Anims/Rifle/HitReact/MM_HitReact_Front_Hvy_01.uasset" 1452
"C:/Users/Ryan/OneDrive/Documents/GitHub/GamePrototypeTest30/MyProjectTargetGame/Content/Characters/Mannequins/Anims/Rifle/HitReact/MM_HitReact_Front_Hvy_01.uexp" 1453
"C:/Users/Ryan/OneDrive/Documents/GitHub/GamePrototypeTest30/MyProjectTargetGame/Content/LevelPrototyping/Meshes/SM_Cylinder.ubulk" 1454
"C:/Users/Ryan/OneDrive/Documents/GitHub/GamePrototypeTest30/MyProjectTargetGame/Content/LevelPrototyping/Meshes/SM_Cylinder.uasset" 1455
"C:/Users/Ryan/OneDrive/Documents/GitHub/GamePrototypeTest30/MyProjectTargetGame/Content/LevelPrototyping/Meshes/SM_Cylinder.uexp" 1456
"../../../Engine/Plugins/FX/Niagara/Content/DefaultAssets/DefaultSpriteMaterial.uasset" 1457
"../../../Engine/Plugins/FX/Niagara/Content/DefaultAssets/DefaultSpriteMaterial.uexp" 1458
"C:/Users/Ryan/OneDrive/Documents/GitHub/GamePrototypeTest30/MyProjectTargetGame/Content/LevelPrototyping/Interactable/JumpPad/Assets/Materials/M_SimpleGlow.uasset" 1459
"C:/Users/Ryan/OneDrive/Documents/GitHub/GamePrototypeTest30/MyProjectTargetGame/Content/LevelPrototyping/Interactable/JumpPad/Assets/Materials/M_SimpleGlow.uexp" 1460
"C:/Users/Ryan/OneDrive/Documents/GitHub/GamePrototypeTest30/MyProjectTargetGame/Content/LevelPrototyping/Interactable/JumpPad/Assets/Meshes/SM_CircularBand.ubulk" 1461
"C:/Users/Ryan/OneDrive/Documents/GitHub/GamePrototypeTest30/MyProjectTargetGame/Content/LevelPrototyping/Interactable/JumpPad/Assets/Meshes/SM_CircularBand.uasset" 1462
"C:/Users/Ryan/OneDrive/Documents/GitHub/GamePrototypeTest30/MyProjectTargetGame/Content/LevelPrototyping/Interactable/JumpPad/Assets/Meshes/SM_CircularBand.uexp" 1463
"C:/Users/Ryan/OneDrive/Documents/GitHub/GamePrototypeTest30/MyProjectTargetGame/Content/LevelPrototyping/Interactable/JumpPad/Assets/Materials/M_GradientGlow.uasset" 1464
"C:/Users/Ryan/OneDrive/Documents/GitHub/GamePrototypeTest30/MyProjectTargetGame/Content/LevelPrototyping/Interactable/JumpPad/Assets/Materials/M_GradientGlow.uexp" 1465
"C:/Users/Ryan/OneDrive/Documents/GitHub/GamePrototypeTest30/MyProjectTargetGame/Content/LevelPrototyping/Interactable/JumpPad/Assets/Meshes/SM_CircularGlow.ubulk" 1466
"C:/Users/Ryan/OneDrive/Documents/GitHub/GamePrototypeTest30/MyProjectTargetGame/Content/LevelPrototyping/Interactable/JumpPad/Assets/Meshes/SM_CircularGlow.uasset" 1467
"C:/Users/Ryan/OneDrive/Documents/GitHub/GamePrototypeTest30/MyProjectTargetGame/Content/LevelPrototyping/Interactable/JumpPad/Assets/Meshes/SM_CircularGlow.uexp" 1468
"C:/Users/Ryan/OneDrive/Documents/GitHub/GamePrototypeTest30/MyProjectTargetGame/Content/LevelPrototyping/Interactable/JumpPad/Assets/NS_JumpPad.uasset" 1469
"C:/Users/Ryan/OneDrive/Documents/GitHub/GamePrototypeTest30/MyProjectTargetGame/Content/LevelPrototyping/Interactable/JumpPad/Assets/NS_JumpPad.uexp" 1470
"C:/Users/Ryan/OneDrive/Documents/GitHub/GamePrototypeTest30/MyProjectTargetGame/Content/LevelPrototyping/Interactable/JumpPad/Assets/Materials/MI_GlowNT.uasset" 1471
"C:/Users/Ryan/OneDrive/Documents/GitHub/GamePrototypeTest30/MyProjectTargetGame/Content/LevelPrototyping/Interactable/JumpPad/Assets/Materials/MI_GlowNT.uexp" 1472
"C:/Users/Ryan/OneDrive/Documents/GitHub/GamePrototypeTest30/MyProjectTargetGame/Content/LevelPrototyping/Interactable/JumpPad/BP_JumpPad.uasset" 1473
"C:/Users/Ryan/OneDrive/Documents/GitHub/GamePrototypeTest30/MyProjectTargetGame/Content/LevelPrototyping/Interactable/JumpPad/BP_JumpPad.uexp" 1474
"C:/Users/Ryan/OneDrive/Documents/GitHub/GamePrototypeTest30/MyProjectTargetGame/Content/Characters/Mannequins/Anims/Rifle/HitReact/MM_HitReact_Front_Lgt_01.uasset" 1475
"C:/Users/Ryan/OneDrive/Documents/GitHub/GamePrototypeTest30/MyProjectTargetGame/Content/Characters/Mannequins/Anims/Rifle/HitReact/MM_HitReact_Front_Lgt_01.uexp" 1476
"C:/Users/Ryan/OneDrive/Documents/GitHub/GamePrototypeTest30/MyProjectTargetGame/Content/LevelPrototyping/Interactable/Target/Assets/SM_TargetBaseMesh.ubulk" 1477
"C:/Users/Ryan/OneDrive/Documents/GitHub/GamePrototypeTest30/MyProjectTargetGame/Content/LevelPrototyping/Interactable/Target/Assets/SM_TargetBaseMesh.uasset" 1478
"C:/Users/Ryan/OneDrive/Documents/GitHub/GamePrototypeTest30/MyProjectTargetGame/Content/LevelPrototyping/Interactable/Target/Assets/SM_TargetBaseMesh.uexp" 1479
"C:/Users/Ryan/OneDrive/Documents/GitHub/GamePrototypeTest30/MyProjectTargetGame/Content/Materials/MI_FirstPersonColorway.uasset" 1480
"C:/Users/Ryan/OneDrive/Documents/GitHub/GamePrototypeTest30/MyProjectTargetGame/Content/Materials/MI_FirstPersonColorway.uexp" 1481
"C:/Users/Ryan/OneDrive/Documents/GitHub/GamePrototypeTest30/MyProjectTargetGame/Content/LevelPrototyping/Interactable/Target/BP_WobbleTarget.uasset" 1482
"C:/Users/Ryan/OneDrive/Documents/GitHub/GamePrototypeTest30/MyProjectTargetGame/Content/LevelPrototyping/Interactable/Target/BP_WobbleTarget.uexp" 1483
"C:/Users/Ryan/OneDrive/Documents/GitHub/GamePrototypeTest30/MyProjectTargetGame/Content/BluePrintClasses/BP_GoalNet.uasset" 1484
"C:/Users/Ryan/OneDrive/Documents/GitHub/GamePrototypeTest30/MyProjectTargetGame/Content/BluePrintClasses/BP_GoalNet.uexp" 1485
"C:/Users/Ryan/OneDrive/Documents/GitHub/GamePrototypeTest30/MyProjectTargetGame/Content/Characters/Mannequins/Anims/Rifle/HitReact/MM_HitReact_Front_Lgt_02.uasset" 1486
"C:/Users/Ryan/OneDrive/Documents/GitHub/GamePrototypeTest30/MyProjectTargetGame/Content/Characters/Mannequins/Anims/Rifle/HitReact/MM_HitReact_Front_Lgt_02.uexp" 1487
"C:/Users/Ryan/OneDrive/Documents/GitHub/GamePrototypeTest30/MyProjectTargetGame/Content/MSPresets/MS_DefaultMaterial_Displacement/Functions/MF_Fuzz.uasset" 1488
"C:/Users/Ryan/OneDrive/Documents/GitHub/GamePrototypeTest30/MyProjectTargetGame/Content/MSPresets/MS_DefaultMaterial_Displacement/Functions/MF_Fuzz.uexp" 1489
"C:/Users/Ryan/OneDrive/Documents/GitHub/GamePrototypeTest30/MyProjectTargetGame/Content/Characters/Mannequins/Anims/Rifle/HitReact/MM_HitReact_Front_Lgt_03.uasset" 1490
"C:/Users/Ryan/OneDrive/Documents/GitHub/GamePrototypeTest30/MyProjectTargetGame/Content/Characters/Mannequins/Anims/Rifle/HitReact/MM_HitReact_Front_Lgt_03.uexp" 1491
"C:/Users/Ryan/OneDrive/Documents/GitHub/GamePrototypeTest30/MyProjectTargetGame/Content/Characters/Mannequins/Anims/Rifle/HitReact/MM_HitReact_Front_Lgt_04.uasset" 1492
"C:/Users/Ryan/OneDrive/Documents/GitHub/GamePrototypeTest30/MyProjectTargetGame/Content/Characters/Mannequins/Anims/Rifle/HitReact/MM_HitReact_Front_Lgt_04.uexp" 1493
"C:/Users/Ryan/OneDrive/Documents/GitHub/GamePrototypeTest30/MyProjectTargetGame/Content/Characters/Mannequins/Anims/Death/MM_Death_Back_01.uasset" 1494
"C:/Users/Ryan/OneDrive/Documents/GitHub/GamePrototypeTest30/MyProjectTargetGame/Content/Characters/Mannequins/Anims/Death/MM_Death_Back_01.uexp" 1495
"C:/Users/Ryan/OneDrive/Documents/GitHub/GamePrototypeTest30/MyProjectTargetGame/Content/Characters/Mannequins/Anims/Rifle/HitReact/MM_HitReact_Front_Med_01.uasset" 1496
"C:/Users/Ryan/OneDrive/Documents/GitHub/GamePrototypeTest30/MyProjectTargetGame/Content/Characters/Mannequins/Anims/Rifle/HitReact/MM_HitReact_Front_Med_01.uexp" 1497
"C:/Users/Ryan/OneDrive/Documents/GitHub/GamePrototypeTest30/MyProjectTargetGame/Content/Characters/Mannequins/Anims/Death/MM_Death_Front_01.uasset" 1498
"C:/Users/Ryan/OneDrive/Documents/GitHub/GamePrototypeTest30/MyProjectTargetGame/Content/Characters/Mannequins/Anims/Death/MM_Death_Front_01.uexp" 1499
"C:/Users/Ryan/OneDrive/Documents/GitHub/GamePrototypeTest30/MyProjectTargetGame/Content/Characters/Mannequins/Anims/Rifle/HitReact/MM_HitReact_Front_Med_02.uasset" 1500
"C:/Users/Ryan/OneDrive/Documents/GitHub/GamePrototypeTest30/MyProjectTargetGame/Content/Characters/Mannequins/Anims/Rifle/HitReact/MM_HitReact_Front_Med_02.uexp" 1501
"C:/Users/Ryan/OneDrive/Documents/GitHub/GamePrototypeTest30/MyProjectTargetGame/Content/Characters/Mannequins/Anims/Death/MM_Death_Front_02.uasset" 1502
"C:/Users/Ryan/OneDrive/Documents/GitHub/GamePrototypeTest30/MyProjectTargetGame/Content/Characters/Mannequins/Anims/Death/MM_Death_Front_02.uexp" 1503
"C:/Users/Ryan/OneDrive/Documents/GitHub/GamePrototypeTest30/MyProjectTargetGame/Content/Characters/Mannequins/Anims/Rifle/Jog/MF_Rifle_Jog_Bwd.uasset" 1504
"C:/Users/Ryan/OneDrive/Documents/GitHub/GamePrototypeTest30/MyProjectTargetGame/Content/Characters/Mannequins/Anims/Rifle/Jog/MF_Rifle_Jog_Bwd.uexp" 1505
"C:/Users/Ryan/OneDrive/Documents/GitHub/GamePrototypeTest30/MyProjectTargetGame/Content/Characters/Mannequins/Anims/Death/MM_Death_Front_03.uasset" 1506
"C:/Users/Ryan/OneDrive/Documents/GitHub/GamePrototypeTest30/MyProjectTargetGame/Content/Characters/Mannequins/Anims/Death/MM_Death_Front_03.uexp" 1507
"C:/Users/Ryan/OneDrive/Documents/GitHub/GamePrototypeTest30/MyProjectTargetGame/Content/Characters/Mannequins/Anims/Rifle/Jog/MF_Rifle_Jog_Bwd_Left.uasset" 1508
"C:/Users/Ryan/OneDrive/Documents/GitHub/GamePrototypeTest30/MyProjectTargetGame/Content/Characters/Mannequins/Anims/Rifle/Jog/MF_Rifle_Jog_Bwd_Left.uexp" 1509
"C:/Users/Ryan/OneDrive/Documents/GitHub/GamePrototypeTest30/MyProjectTargetGame/Content/Characters/Mannequins/Anims/Death/MM_Death_Left_01.uasset" 1510
"C:/Users/Ryan/OneDrive/Documents/GitHub/GamePrototypeTest30/MyProjectTargetGame/Content/Characters/Mannequins/Anims/Death/MM_Death_Left_01.uexp" 1511
"C:/Users/Ryan/OneDrive/Documents/GitHub/GamePrototypeTest30/MyProjectTargetGame/Content/Characters/Mannequins/Anims/Rifle/Jog/MF_Rifle_Jog_Bwd_Right.uasset" 1512
"C:/Users/Ryan/OneDrive/Documents/GitHub/GamePrototypeTest30/MyProjectTargetGame/Content/Characters/Mannequins/Anims/Rifle/Jog/MF_Rifle_Jog_Bwd_Right.uexp" 1513
"C:/Users/Ryan/OneDrive/Documents/GitHub/GamePrototypeTest30/MyProjectTargetGame/Content/Characters/Mannequins/Anims/Death/MM_Death_Right_01.uasset" 1514
"C:/Users/Ryan/OneDrive/Documents/GitHub/GamePrototypeTest30/MyProjectTargetGame/Content/Characters/Mannequins/Anims/Death/MM_Death_Right_01.uexp" 1515
"C:/Users/Ryan/OneDrive/Documents/GitHub/GamePrototypeTest30/MyProjectTargetGame/Content/Characters/Mannequins/Anims/Rifle/Jog/MF_Rifle_Jog_Fwd.uasset" 1516
"C:/Users/Ryan/OneDrive/Documents/GitHub/GamePrototypeTest30/MyProjectTargetGame/Content/Characters/Mannequins/Anims/Rifle/Jog/MF_Rifle_Jog_Fwd.uexp" 1517
"C:/Users/Ryan/OneDrive/Documents/GitHub/GamePrototypeTest30/MyProjectTargetGame/Content/Characters/Mannequins/Anims/Rifle/Jog/MF_Rifle_Jog_Fwd_Left.uasset" 1518
"C:/Users/Ryan/OneDrive/Documents/GitHub/GamePrototypeTest30/MyProjectTargetGame/Content/Characters/Mannequins/Anims/Rifle/Jog/MF_Rifle_Jog_Fwd_Left.uexp" 1519
"C:/Users/Ryan/OneDrive/Documents/GitHub/GamePrototypeTest30/MyProjectTargetGame/Content/Characters/Mannequins/Anims/Pistol/MM_Pistol_DryFire.uasset" 1520
"C:/Users/Ryan/OneDrive/Documents/GitHub/GamePrototypeTest30/MyProjectTargetGame/Content/Characters/Mannequins/Anims/Pistol/MM_Pistol_DryFire.uexp" 1521
"C:/Users/Ryan/OneDrive/Documents/GitHub/GamePrototypeTest30/MyProjectTargetGame/Content/Characters/Mannequins/Anims/Rifle/Jog/MF_Rifle_Jog_Fwd_Right.uasset" 1522
"C:/Users/Ryan/OneDrive/Documents/GitHub/GamePrototypeTest30/MyProjectTargetGame/Content/Characters/Mannequins/Anims/Rifle/Jog/MF_Rifle_Jog_Fwd_Right.uexp" 1523
"C:/Users/Ryan/OneDrive/Documents/GitHub/GamePrototypeTest30/MyProjectTargetGame/Content/Characters/Mannequins/Anims/Pistol/MM_Pistol_Equip.uasset" 1524
"C:/Users/Ryan/OneDrive/Documents/GitHub/GamePrototypeTest30/MyProjectTargetGame/Content/Characters/Mannequins/Anims/Pistol/MM_Pistol_Equip.uexp" 1525
"C:/Users/Ryan/OneDrive/Documents/GitHub/GamePrototypeTest30/MyProjectTargetGame/Content/Characters/Mannequins/Anims/Rifle/Jog/MF_Rifle_Jog_Left.uasset" 1526
"C:/Users/Ryan/OneDrive/Documents/GitHub/GamePrototypeTest30/MyProjectTargetGame/Content/Characters/Mannequins/Anims/Rifle/Jog/MF_Rifle_Jog_Left.uexp" 1527
"C:/Users/Ryan/OneDrive/Documents/GitHub/GamePrototypeTest30/MyProjectTargetGame/Content/Characters/Mannequins/Anims/Rifle/Jog/MF_Rifle_Jog_Right.uasset" 1528
"C:/Users/Ryan/OneDrive/Documents/GitHub/GamePrototypeTest30/MyProjectTargetGame/Content/Characters/Mannequins/Anims/Rifle/Jog/MF_Rifle_Jog_Right.uexp" 1529
"C:/Users/Ryan/OneDrive/Documents/GitHub/GamePrototypeTest30/MyProjectTargetGame/Content/Characters/Mannequins/Anims/Pistol/MM_Pistol_Fire.uasset" 1530
"C:/Users/Ryan/OneDrive/Documents/GitHub/GamePrototypeTest30/MyProjectTargetGame/Content/Characters/Mannequins/Anims/Pistol/MM_Pistol_Fire.uexp" 1531
"C:/Users/Ryan/OneDrive/Documents/GitHub/GamePrototypeTest30/MyProjectTargetGame/Content/Characters/Mannequins/Anims/Pistol/MM_Pistol_Fire_Montage.uasset" 1532
"C:/Users/Ryan/OneDrive/Documents/GitHub/GamePrototypeTest30/MyProjectTargetGame/Content/Characters/Mannequins/Anims/Pistol/MM_Pistol_Fire_Montage.uexp" 1533
"../../../Engine/Content/BasicShapes/Cube.ubulk" 1534
"../../../Engine/Content/BasicShapes/Cube.uasset" 1535
"../../../Engine/Content/BasicShapes/Cube.uexp" 1536
"C:/Users/Ryan/OneDrive/Documents/GitHub/GamePrototypeTest30/MyProjectTargetGame/Content/CubeColours/M_CubeColour1.uasset" 1537
"C:/Users/Ryan/OneDrive/Documents/GitHub/GamePrototypeTest30/MyProjectTargetGame/Content/CubeColours/M_CubeColour1.uexp" 1538
"C:/Users/Ryan/OneDrive/Documents/GitHub/GamePrototypeTest30/MyProjectTargetGame/Content/BluePrintClasses/RestartCubeMoving3.uasset" 1539
"C:/Users/Ryan/OneDrive/Documents/GitHub/GamePrototypeTest30/MyProjectTargetGame/Content/BluePrintClasses/RestartCubeMoving3.uexp" 1540
"C:/Users/Ryan/OneDrive/Documents/GitHub/GamePrototypeTest30/MyProjectTargetGame/Content/Characters/Mannequins/Anims/Rifle/Jump/MM_Rifle_Jump_Apex.uasset" 1541
"C:/Users/Ryan/OneDrive/Documents/GitHub/GamePrototypeTest30/MyProjectTargetGame/Content/Characters/Mannequins/Anims/Rifle/Jump/MM_Rifle_Jump_Apex.uexp" 1542
"C:/Users/Ryan/OneDrive/Documents/GitHub/GamePrototypeTest30/MyProjectTargetGame/Content/Characters/Mannequins/Anims/Pistol/MM_Pistol_Reload.uasset" 1543
"C:/Users/Ryan/OneDrive/Documents/GitHub/GamePrototypeTest30/MyProjectTargetGame/Content/Characters/Mannequins/Anims/Pistol/MM_Pistol_Reload.uexp" 1544
"C:/Users/Ryan/OneDrive/Documents/GitHub/GamePrototypeTest30/MyProjectTargetGame/Content/Characters/Mannequins/Anims/Rifle/Jump/MM_Rifle_Jump_Fall_Land.uasset" 1545
"C:/Users/Ryan/OneDrive/Documents/GitHub/GamePrototypeTest30/MyProjectTargetGame/Content/Characters/Mannequins/Anims/Rifle/Jump/MM_Rifle_Jump_Fall_Land.uexp" 1546
"C:/Users/Ryan/OneDrive/Documents/GitHub/GamePrototypeTest30/MyProjectTargetGame/Content/Characters/Mannequins/Anims/Rifle/Jump/MM_Rifle_Jump_Fall_Loop.uasset" 1547
"C:/Users/Ryan/OneDrive/Documents/GitHub/GamePrototypeTest30/MyProjectTargetGame/Content/Characters/Mannequins/Anims/Rifle/Jump/MM_Rifle_Jump_Fall_Loop.uexp" 1548
"C:/Users/Ryan/OneDrive/Documents/GitHub/GamePrototypeTest30/MyProjectTargetGame/Content/Characters/Mannequins/Anims/Rifle/Jump/MM_Rifle_Jump_RecoveryAdditive.uasset" 1549
"C:/Users/Ryan/OneDrive/Documents/GitHub/GamePrototypeTest30/MyProjectTargetGame/Content/Characters/Mannequins/Anims/Rifle/Jump/MM_Rifle_Jump_RecoveryAdditive.uexp" 1550
"C:/Users/Ryan/OneDrive/Documents/GitHub/GamePrototypeTest30/MyProjectTargetGame/Content/Characters/Mannequins/Anims/Rifle/Jump/MM_Rifle_Jump_Start.uasset" 1551
"C:/Users/Ryan/OneDrive/Documents/GitHub/GamePrototypeTest30/MyProjectTargetGame/Content/Characters/Mannequins/Anims/Rifle/Jump/MM_Rifle_Jump_Start.uexp" 1552
"C:/Users/Ryan/OneDrive/Documents/GitHub/GamePrototypeTest30/MyProjectTargetGame/Content/Characters/Mannequins/Anims/Rifle/Jump/MM_Rifle_Jump_Start_Loop.uasset" 1553
"C:/Users/Ryan/OneDrive/Documents/GitHub/GamePrototypeTest30/MyProjectTargetGame/Content/Characters/Mannequins/Anims/Rifle/Jump/MM_Rifle_Jump_Start_Loop.uexp" 1554
"C:/Users/Ryan/OneDrive/Documents/GitHub/GamePrototypeTest30/MyProjectTargetGame/Content/Characters/Mannequins/Anims/Rifle/Walk/MF_Rifle_Walk_Bwd.uasset" 1555
"C:/Users/Ryan/OneDrive/Documents/GitHub/GamePrototypeTest30/MyProjectTargetGame/Content/Characters/Mannequins/Anims/Rifle/Walk/MF_Rifle_Walk_Bwd.uexp" 1556
"C:/Users/Ryan/OneDrive/Documents/GitHub/GamePrototypeTest30/MyProjectTargetGame/Content/Characters/Mannequins/Anims/Rifle/Walk/MF_Rifle_Walk_Bwd_Left.uasset" 1557
"C:/Users/Ryan/OneDrive/Documents/GitHub/GamePrototypeTest30/MyProjectTargetGame/Content/Characters/Mannequins/Anims/Rifle/Walk/MF_Rifle_Walk_Bwd_Left.uexp" 1558
"C:/Users/Ryan/OneDrive/Documents/GitHub/GamePrototypeTest30/MyProjectTargetGame/Content/Characters/Mannequins/Anims/Rifle/Walk/MF_Rifle_Walk_Bwd_Right.uasset" 1559
"C:/Users/Ryan/OneDrive/Documents/GitHub/GamePrototypeTest30/MyProjectTargetGame/Content/Characters/Mannequins/Anims/Rifle/Walk/MF_Rifle_Walk_Bwd_Right.uexp" 1560
"C:/Users/Ryan/OneDrive/Documents/GitHub/GamePrototypeTest30/MyProjectTargetGame/Content/Characters/Mannequins/Anims/Rifle/Walk/MF_Rifle_Walk_Fwd.uasset" 1561
"C:/Users/Ryan/OneDrive/Documents/GitHub/GamePrototypeTest30/MyProjectTargetGame/Content/Characters/Mannequins/Anims/Rifle/Walk/MF_Rifle_Walk_Fwd.uexp" 1562
"C:/Users/Ryan/OneDrive/Documents/GitHub/GamePrototypeTest30/MyProjectTargetGame/Content/Characters/Mannequins/Anims/Rifle/Walk/MF_Rifle_Walk_Fwd_Left.uasset" 1563
"C:/Users/Ryan/OneDrive/Documents/GitHub/GamePrototypeTest30/MyProjectTargetGame/Content/Characters/Mannequins/Anims/Rifle/Walk/MF_Rifle_Walk_Fwd_Left.uexp" 1564
"C:/Users/Ryan/OneDrive/Documents/GitHub/GamePrototypeTest30/MyProjectTargetGame/Content/Characters/Mannequins/Anims/Rifle/Walk/MF_Rifle_Walk_Fwd_Right.uasset" 1565
"C:/Users/Ryan/OneDrive/Documents/GitHub/GamePrototypeTest30/MyProjectTargetGame/Content/Characters/Mannequins/Anims/Rifle/Walk/MF_Rifle_Walk_Fwd_Right.uexp" 1566
"C:/Users/Ryan/OneDrive/Documents/GitHub/GamePrototypeTest30/MyProjectTargetGame/Content/Characters/Mannequins/Anims/Rifle/Walk/MF_Rifle_Walk_Left.uasset" 1567
"C:/Users/Ryan/OneDrive/Documents/GitHub/GamePrototypeTest30/MyProjectTargetGame/Content/Characters/Mannequins/Anims/Rifle/Walk/MF_Rifle_Walk_Left.uexp" 1568
"C:/Users/Ryan/OneDrive/Documents/GitHub/GamePrototypeTest30/MyProjectTargetGame/Content/Characters/Mannequins/Anims/Rifle/Walk/MF_Rifle_Walk_Right.uasset" 1569
"C:/Users/Ryan/OneDrive/Documents/GitHub/GamePrototypeTest30/MyProjectTargetGame/Content/Characters/Mannequins/Anims/Rifle/Walk/MF_Rifle_Walk_Right.uexp" 1570
"C:/Users/Ryan/OneDrive/Documents/GitHub/GamePrototypeTest30/MyProjectTargetGame/Content/Characters/Mannequins/Anims/Unarmed/Attack/MM_Attack_01.uasset" 1571
"C:/Users/Ryan/OneDrive/Documents/GitHub/GamePrototypeTest30/MyProjectTargetGame/Content/Characters/Mannequins/Anims/Unarmed/Attack/MM_Attack_01.uexp" 1572
"C:/Users/Ryan/OneDrive/Documents/GitHub/GamePrototypeTest30/MyProjectTargetGame/Content/Characters/Mannequins/Anims/Unarmed/Attack/MM_Attack_02.uasset" 1573
"C:/Users/Ryan/OneDrive/Documents/GitHub/GamePrototypeTest30/MyProjectTargetGame/Content/Characters/Mannequins/Anims/Unarmed/Attack/MM_Attack_02.uexp" 1574
"C:/Users/Ryan/OneDrive/Documents/GitHub/GamePrototypeTest30/MyProjectTargetGame/Content/Characters/Mannequins/Anims/Unarmed/Attack/MM_Attack_03.uasset" 1575
"C:/Users/Ryan/OneDrive/Documents/GitHub/GamePrototypeTest30/MyProjectTargetGame/Content/Characters/Mannequins/Anims/Unarmed/Attack/MM_Attack_03.uexp" 1576
"C:/Users/Ryan/OneDrive/Documents/GitHub/GamePrototypeTest30/MyProjectTargetGame/Content/Characters/Mannequins/Anims/Unarmed/Attack/MM_ChargedAttack.uasset" 1577
"C:/Users/Ryan/OneDrive/Documents/GitHub/GamePrototypeTest30/MyProjectTargetGame/Content/Characters/Mannequins/Anims/Unarmed/Attack/MM_ChargedAttack.uexp" 1578
"C:/Users/Ryan/OneDrive/Documents/GitHub/GamePrototypeTest30/MyProjectTargetGame/Content/FirstPerson/SoundEffects/freesound_community-football-crowd-3-69245.ubulk" 1579
"C:/Users/Ryan/OneDrive/Documents/GitHub/GamePrototypeTest30/MyProjectTargetGame/Content/FirstPerson/SoundEffects/freesound_community-football-crowd-3-69245.uasset" 1580
"C:/Users/Ryan/OneDrive/Documents/GitHub/GamePrototypeTest30/MyProjectTargetGame/Content/FirstPerson/SoundEffects/freesound_community-football-crowd-3-69245.uexp" 1581
"C:/Users/Ryan/OneDrive/Documents/GitHub/GamePrototypeTest30/MyProjectTargetGame/Content/FirstPerson/SoundEffects/Video_Project_23.ubulk" 1582
"C:/Users/Ryan/OneDrive/Documents/GitHub/GamePrototypeTest30/MyProjectTargetGame/Content/FirstPerson/SoundEffects/Video_Project_23.uasset" 1583
"C:/Users/Ryan/OneDrive/Documents/GitHub/GamePrototypeTest30/MyProjectTargetGame/Content/FirstPerson/SoundEffects/Video_Project_23.uexp" 1584
"C:/Users/Ryan/OneDrive/Documents/GitHub/GamePrototypeTest30/MyProjectTargetGame/Content/FirstPerson/Blueprints/GI_GameName.uasset" 1585
"C:/Users/Ryan/OneDrive/Documents/GitHub/GamePrototypeTest30/MyProjectTargetGame/Content/FirstPerson/Blueprints/GI_GameName.uexp" 1586
"../../../Engine/Content/Maps/Entry_BuiltData.uasset" 1587
"../../../Engine/Content/Maps/Entry_BuiltData.uexp" 1588
"../../../Engine/Content/Maps/Entry.uexp" 1589
"../../../Engine/Content/Maps/Entry.umap" 1590
"C:/Users/Ryan/OneDrive/Documents/GitHub/GamePrototypeTest30/MyProjectTargetGame/Content/FirstPerson/BonusLevel.uexp" 1591
"C:/Users/Ryan/OneDrive/Documents/GitHub/GamePrototypeTest30/MyProjectTargetGame/Content/FirstPerson/BonusLevel.umap" 1592
"../../../Engine/Content/BasicShapes/Cylinder.ubulk" 1593
"../../../Engine/Content/BasicShapes/Cylinder.uasset" 1594
"../../../Engine/Content/BasicShapes/Cylinder.uexp" 1595
"../../../Engine/Content/Functions/Engine_MaterialFunctions02/Utility/BreakOutFloat4Components.uasset" 1596
"../../../Engine/Content/Functions/Engine_MaterialFunctions02/Utility/BreakOutFloat4Components.uexp" 1597
"../../../Engine/Content/Functions/Engine_MaterialFunctions02/Utility/MakeFloat4.uasset" 1598
"../../../Engine/Content/Functions/Engine_MaterialFunctions02/Utility/MakeFloat4.uexp" 1599
"../../../Engine/Content/EngineResources/DefaultVolumeTexture2D.uasset" 1600
"../../../Engine/Content/EngineResources/DefaultVolumeTexture2D.uexp" 1601
"../../../Engine/Content/EngineResources/DefaultVolumeTexture.uasset" 1602
"../../../Engine/Content/EngineResources/DefaultVolumeTexture.uexp" 1603
"../../../Engine/Content/EngineSky/VolumetricClouds/VT_Lightning.uasset" 1604
"../../../Engine/Content/EngineSky/VolumetricClouds/VT_Lightning.uexp" 1605
"../../../Engine/Content/Functions/Engine_MaterialFunctions01/Units/Km-to-Cm.uasset" 1606
"../../../Engine/Content/Functions/Engine_MaterialFunctions01/Units/Km-to-Cm.uexp" 1607
"../../../Engine/Content/EngineSky/VolumetricClouds/m_SimpleVolumetricCloud.uasset" 1608
"../../../Engine/Content/EngineSky/VolumetricClouds/m_SimpleVolumetricCloud.uexp" 1609
"../../../Engine/Content/EngineSky/VolumetricClouds/T_CloudMask.ubulk" 1610
"../../../Engine/Content/EngineSky/VolumetricClouds/T_CloudMask.uasset" 1611
"../../../Engine/Content/EngineSky/VolumetricClouds/T_CloudMask.uexp" 1612
"../../../Engine/Content/EngineSky/VolumetricClouds/T_CloudPattern.ubulk" 1613
"../../../Engine/Content/EngineSky/VolumetricClouds/T_CloudPattern.uasset" 1614
"../../../Engine/Content/EngineSky/VolumetricClouds/T_CloudPattern.uexp" 1615
"../../../Engine/Content/EngineSky/VolumetricClouds/T_Profile_08.ubulk" 1616
"../../../Engine/Content/EngineSky/VolumetricClouds/T_Profile_08.uasset" 1617
"../../../Engine/Content/EngineSky/VolumetricClouds/T_Profile_08.uexp" 1618
"../../../Engine/Content/EngineSky/VolumetricClouds/VT_PerlinWorley_Balanced.uasset" 1619
"../../../Engine/Content/EngineSky/VolumetricClouds/VT_PerlinWorley_Balanced.uexp" 1620
"../../../Engine/Content/EngineSky/VolumetricClouds/m_SimpleVolumetricCloud_Inst.uasset" 1621
"../../../Engine/Content/EngineSky/VolumetricClouds/m_SimpleVolumetricCloud_Inst.uexp" 1622
"../../../Engine/Content/BasicShapes/Plane.ubulk" 1623
"../../../Engine/Content/BasicShapes/Plane.uasset" 1624
"../../../Engine/Content/BasicShapes/Plane.uexp" 1625
"C:/Users/Ryan/OneDrive/Documents/GitHub/GamePrototypeTest30/MyProjectTargetGame/Content/FirstPerson/SoundEffects/mori_sound-fx-impact-ball-526576.ubulk" 1626
"C:/Users/Ryan/OneDrive/Documents/GitHub/GamePrototypeTest30/MyProjectTargetGame/Content/FirstPerson/SoundEffects/mori_sound-fx-impact-ball-526576.uasset" 1627
"C:/Users/Ryan/OneDrive/Documents/GitHub/GamePrototypeTest30/MyProjectTargetGame/Content/FirstPerson/SoundEffects/mori_sound-fx-impact-ball-526576.uexp" 1628
"C:/Users/Ryan/OneDrive/Documents/GitHub/GamePrototypeTest30/MyProjectTargetGame/Content/Plane3_Blueprint.uasset" 1629
"C:/Users/Ryan/OneDrive/Documents/GitHub/GamePrototypeTest30/MyProjectTargetGame/Content/Plane3_Blueprint.uexp" 1630
"C:/Users/Ryan/OneDrive/Documents/GitHub/GamePrototypeTest30/MyProjectTargetGame/Content/CubeColours/M_CubeColour2.uasset" 1631
"C:/Users/Ryan/OneDrive/Documents/GitHub/GamePrototypeTest30/MyProjectTargetGame/Content/CubeColours/M_CubeColour2.uexp" 1632
"C:/Users/Ryan/OneDrive/Documents/GitHub/GamePrototypeTest30/MyProjectTargetGame/Content/FirstPerson/SoundEffects/hitting-the-crossbar-by-fnc-effects.ubulk" 1633
"C:/Users/Ryan/OneDrive/Documents/GitHub/GamePrototypeTest30/MyProjectTargetGame/Content/FirstPerson/SoundEffects/hitting-the-crossbar-by-fnc-effects.uasset" 1634
"C:/Users/Ryan/OneDrive/Documents/GitHub/GamePrototypeTest30/MyProjectTargetGame/Content/FirstPerson/SoundEffects/hitting-the-crossbar-by-fnc-effects.uexp" 1635
"C:/Users/Ryan/OneDrive/Documents/GitHub/GamePrototypeTest30/MyProjectTargetGame/Content/BluePrintClasses/BP_WoodWork.uasset" 1636
"C:/Users/Ryan/OneDrive/Documents/GitHub/GamePrototypeTest30/MyProjectTargetGame/Content/BluePrintClasses/BP_WoodWork.uexp" 1637
"C:/Users/Ryan/OneDrive/Documents/GitHub/GamePrototypeTest30/MyProjectTargetGame/Content/FirstPerson/Level1.uexp" 1638
"C:/Users/Ryan/OneDrive/Documents/GitHub/GamePrototypeTest30/MyProjectTargetGame/Content/FirstPerson/Level1.umap" 1639
"C:/Users/Ryan/OneDrive/Documents/GitHub/GamePrototypeTest30/MyProjectTargetGame/Content/BluePrintClasses/RestartCube.uasset" 1640
"C:/Users/Ryan/OneDrive/Documents/GitHub/GamePrototypeTest30/MyProjectTargetGame/Content/BluePrintClasses/RestartCube.uexp" 1641
"C:/Users/Ryan/OneDrive/Documents/GitHub/GamePrototypeTest30/MyProjectTargetGame/Content/FirstPerson/Level2A.uexp" 1642
"C:/Users/Ryan/OneDrive/Documents/GitHub/GamePrototypeTest30/MyProjectTargetGame/Content/FirstPerson/Level2A.umap" 1643
"C:/Users/Ryan/OneDrive/Documents/GitHub/GamePrototypeTest30/MyProjectTargetGame/Content/Materials/b9a429c4df0cd063ca806d221491e2d6-removebg-preview_Mat.uasset" 1644
"C:/Users/Ryan/OneDrive/Documents/GitHub/GamePrototypeTest30/MyProjectTargetGame/Content/Materials/b9a429c4df0cd063ca806d221491e2d6-removebg-preview_Mat.uexp" 1645
"C:/Users/Ryan/OneDrive/Documents/GitHub/GamePrototypeTest30/MyProjectTargetGame/Content/FirstPerson/Level3.uexp" 1646
"C:/Users/Ryan/OneDrive/Documents/GitHub/GamePrototypeTest30/MyProjectTargetGame/Content/FirstPerson/Level3.umap" 1647
"C:/Users/Ryan/OneDrive/Documents/GitHub/GamePrototypeTest30/MyProjectTargetGame/Content/BluePrintClasses/Cube2_Blueprint.uasset" 1648
"C:/Users/Ryan/OneDrive/Documents/GitHub/GamePrototypeTest30/MyProjectTargetGame/Content/BluePrintClasses/Cube2_Blueprint.uexp" 1649
"C:/Users/Ryan/OneDrive/Documents/GitHub/GamePrototypeTest30/MyProjectTargetGame/Content/FirstPerson/Level4.uexp" 1650
"C:/Users/Ryan/OneDrive/Documents/GitHub/GamePrototypeTest30/MyProjectTargetGame/Content/FirstPerson/Level4.umap" 1651
"C:/Users/Ryan/OneDrive/Documents/GitHub/GamePrototypeTest30/MyProjectTargetGame/Content/BluePrintClasses/BP_MovingPlatfforms.uasset" 1652
"C:/Users/Ryan/OneDrive/Documents/GitHub/GamePrototypeTest30/MyProjectTargetGame/Content/BluePrintClasses/BP_MovingPlatfforms.uexp" 1653
"C:/Users/Ryan/OneDrive/Documents/GitHub/GamePrototypeTest30/MyProjectTargetGame/Content/FirstPerson/Level5.uexp" 1654
"C:/Users/Ryan/OneDrive/Documents/GitHub/GamePrototypeTest30/MyProjectTargetGame/Content/FirstPerson/Level5.umap" 1655
"C:/Users/Ryan/OneDrive/Documents/GitHub/GamePrototypeTest30/MyProjectTargetGame/Content/FirstPerson/Level6A.uexp" 1656
"C:/Users/Ryan/OneDrive/Documents/GitHub/GamePrototypeTest30/MyProjectTargetGame/Content/FirstPerson/Level6A.umap" 1657
"C:/Users/Ryan/OneDrive/Documents/GitHub/GamePrototypeTest30/MyProjectTargetGame/Content/BluePrintClasses/RestartCubeMoving.uasset" 1658
"C:/Users/Ryan/OneDrive/Documents/GitHub/GamePrototypeTest30/MyProjectTargetGame/Content/BluePrintClasses/RestartCubeMoving.uexp" 1659
"C:/Users/Ryan/OneDrive/Documents/GitHub/GamePrototypeTest30/MyProjectTargetGame/Content/FirstPerson/Level7.uexp" 1660
"C:/Users/Ryan/OneDrive/Documents/GitHub/GamePrototypeTest30/MyProjectTargetGame/Content/FirstPerson/Level7.umap" 1661
"C:/Users/Ryan/OneDrive/Documents/GitHub/GamePrototypeTest30/MyProjectTargetGame/Content/FirstPerson/Level8.uexp" 1662
"C:/Users/Ryan/OneDrive/Documents/GitHub/GamePrototypeTest30/MyProjectTargetGame/Content/FirstPerson/Level8.umap" 1663
"C:/Users/Ryan/OneDrive/Documents/GitHub/GamePrototypeTest30/MyProjectTargetGame/Content/BluePrintClasses/RestartCubeMoving2.uasset" 1664
"C:/Users/Ryan/OneDrive/Documents/GitHub/GamePrototypeTest30/MyProjectTargetGame/Content/BluePrintClasses/RestartCubeMoving2.uexp" 1665
"C:/Users/Ryan/OneDrive/Documents/GitHub/GamePrototypeTest30/MyProjectTargetGame/Content/FirstPerson/Level9.uexp" 1666
"C:/Users/Ryan/OneDrive/Documents/GitHub/GamePrototypeTest30/MyProjectTargetGame/Content/FirstPerson/Level9.umap" 1667
"C:/Users/Ryan/OneDrive/Documents/GitHub/GamePrototypeTest30/MyProjectTargetGame/Content/BluePrintClasses/GM_MainMenu.uasset" 1668
"C:/Users/Ryan/OneDrive/Documents/GitHub/GamePrototypeTest30/MyProjectTargetGame/Content/BluePrintClasses/GM_MainMenu.uexp" 1669
"C:/Users/Ryan/OneDrive/Documents/GitHub/GamePrototypeTest30/MyProjectTargetGame/Content/FirstPerson/MainMenuLevel1.uexp" 1670
"C:/Users/Ryan/OneDrive/Documents/GitHub/GamePrototypeTest30/MyProjectTargetGame/Content/FirstPerson/MainMenuLevel1.umap" 1671
